barcode,dateaccessioned,booksellerid,homebranch,price,replacementprice,itemcallnumber,holdingbranch,title,author,isbn
7234,2024-07-25,,FING,,,93,FING,Las chicas de Rosewood /,"Semrik, Osvaldo,",9789874454638
7235,2024-07-25,,FING,,,91,FING,Requiem para una madre /,"Cohen, Albert,",
7236,2024-07-25,,FING,,,92,FING,Confesiones de una máscara /,"Mishima, Yukio,",9788420665474
7237,2024-07-25,,FING,,,91,FING,Sí /,"Bernhard, Thomas",9789875035195
7054,2021-05-18,,FING,,,83,FING,El horizonte fluvial : ,,9789506983932
7056,2021-05-18,,FING,,,83,FING,"De cruces, alas y mármoles : ","Salvarezza, Luis Alberto",9789506982973
7057,2021-05-18,,FING,,,83,FING,Obra poética /,"Elías, Daniel",9789506983024
7037,2020-02-17,,FING,,,86,FING,El general en su laberinto /,"García Márquez, Gabriel",8447308375
7004,2019-12-16,,FING,,,86,FING,La lista de Schindler /,"Keneally, Thomas",9788498722703
7005,2019-12-16,,FING,,,86,FING,La hija del caníbal /,"Montero, Rosa",950852135X | 8423976696 
6939,2019-02-21,,FING,,,92,FING,El jurado /,"Grisham, John",956751013X
3964,2018-08-07,,FING,,,84,FING,"Negro, púrpura y bastón.","Miyara, Alberto",9879532333
4248,2018-08-07,,FING,,,82,FING,Contrato con el averno :,"Delicia, Pablo Javier",9874352949
4436,2018-08-07,,FING,,,83,FING,Del otro lado de la mirilla :,,9872094209
L468,2018-08-07,,FING,,,84,FING,Patria de luz :,,9506981175
L469,2018-08-07,,FING,,,AI1,FING,Patria de luz :,,9506981175
L470,2018-08-07,,FING,,,AI1,FING,Patria de luz :,,9506981175
4584,2018-08-07,,FING,,,91,FING,Poetas /,"Martí, Jorge Enrique",9506981167
4586,2018-08-07,,FING,,,90,FING,El misterio de las coincidencias :,"Zancolli, Eduardo R.",9871068190
4587,2018-08-07,,FING,,,92,FING,Amarse con los ojos abiertos.,"Bucay, Jorge",9509681881
4588,2018-08-07,,FING,,,83,FING,Génesis :,"Freire, Silvia",950968192X
4589,2018-08-07,,FING,,,90,FING,De la autoestima al egoísmo :,"Bucay, Jorge",9509681806
4590,2018-08-07,,FING,,,82,FING,Recuentos para Demián :,"Bucay, Jorge",9509681466
4591,2018-08-07,,FING,,,91,FING,Porteños no se hacen; nacen :,"González Gil, Manuel",9509681814
4592,2018-08-07,,FING,,,90,FING,El hijo de la novia.,"Campanella, Juan José",9871068069
4594,2018-08-07,,FING,,,83,FING,Cartas para Claudia :,"Bucay, Jorge",9509681229
4595,2018-08-07,,FING,,,82,FING,Cuentos para pensar.,"Bucay, Jorge",9509681598
4596,2018-08-07,,FING,,,91,FING,Ya sé que todo es mentira.,"Montes-Bradley, Eduardo",9509681857
4597,2018-08-07,,FING,,,93,FING,Yo el Supremo.,"Roa Bastos, Augusto",8448704207
4598,2018-08-07,,FING,,,83,FING,Antología de escritores nogoyaenses.,,
4599,2018-08-07,,FING,,,83,FING,Antología de escritores nogoyaenses.,,
4600,2018-08-07,,FING,,,84,FING,Patria de luz :,,9506980608
4601,2018-08-07,,FING,,,AI1,FING,Patria de luz :,,9506980608
3594,2018-08-07,,FING,,,AI1,FING,Patria de luz :,,9506980608
3595,2018-08-07,,FING,,,AI1,FING,Patria de luz :,,9506980608
4602,2018-08-07,,FING,,,84,FING,Patria de luz :,,9506980756
4603,2018-08-07,,FING,,,84,FING,Patria de luz :,,9506980756
4604,2018-08-07,,FING,,,84,FING,Patria de luz :,,9506980888
4605,2018-08-07,,FING,,,84,FING,Patria de luz :,,9506980888
4606,2018-08-07,,FING,,,83,FING,Patria de luz :,,9506981094
4607,2018-08-07,,FING,,,83,FING,Patria de luz :,,9506981094
L475,2018-08-07,,FING,,,91,FING,La pluma y su piar.,"Luna, Hugo",
L476,2018-08-07,,FING,,,91,FING,La pluma y su piar.,"Luna, Hugo",
4608,2018-08-07,,FING,,,91,FING,<cuarto>4º Torrente Nacional de Poesías 1998 :,,9879270274
4609,2018-08-07,,FING,,,91,FING,Mundo poético 2000 :,,
4623,2018-08-07,,FING,,,92,FING,Asesinato en el campo de golf.,"Christie, Agatha",
4624,2018-08-07,,FING,,,92,FING,En el hotel Bertram.,"Christie, Agatha",8427202660
4630,2018-08-07,,FING,,,86,FING,Los Kennedy del sur.,"González Rebolledo, Daniel",9506981485
4891,2018-08-07,,FING,,,86,FING,Los Kennedy del sur.,"González Rebolledo, Daniel",9506981485
4629,2018-08-07,,FING,,,86,FING,Calle de los suspiros.,"Erpen, Laura",9506981477
4890,2018-08-07,,FING,,,86,FING,Calle de los suspiros.,"Erpen, Laura",9506981477
4643,2018-08-07,,FING,,,86,FING,La metamorfosis.,"Kafka, Franz",9871027451
4644,2018-08-07,,FING,,,86,FING,El proceso.,"Kafka, Franz",9879423003
4645,2018-08-07,,FING,,,82,FING,El hombre ilustrado.,"Bradbury, Ray",950547069X
4812,2018-08-07,,FING,,,93,FING,El señor de los anillos :,"Tolkien, J.R.R.",9505470657
4813,2018-08-07,,FING,,,93,FING,El señor de los anillos :,"Tolkien, J.R.R.",9505470665
4814,2018-08-07,,FING,,,92,FING,El pasillo de la muerte :,"King, Stephen",8401485002
4815,2018-08-07,,FING,,,92,FING,El pasillo de la muerte :,"King, Stephen",8401485029
4819,2018-08-07,,FING,,,92,FING,El sueño de los héroes.,"Bioy Casares, Adolfo",9500426773
4820,2018-08-07,,FING,,,92,FING,Dormir al sol.,"Bioy Casares, Adolfo",
4821,2018-08-07,,FING,,,92,FING,La invención del Morel.,"Bioy Casares, Adolfo",9500426838
4822,2018-08-07,,FING,,,92,FING,La aventura de un fotógrafo en La Plata.,"Bioy Casares, Adolfo",950042679X
4823,2018-08-07,,FING,,,92,FING,Diario de la guerra del cerdo.,"Bioy Casares, Adolfo",9500426870
4826,2018-08-07,,FING,,,83,FING,Historia de la eternidad.,"Borges, Jorge Luis",9500426846
4827,2018-08-07,,FING,,,83,FING,Otras inquisiciones.,"Borges, Jorge Luis",9500426927
4828,2018-08-07,,FING,,,83,FING,Diccionario del argentino exquisito.,"Bioy Casares, Adolfo",9500426935
4829,2018-08-07,,FING,,,91,FING,Los conjurados.,"Borges, Jorge Luis",9500426900
4830,2018-08-07,,FING,,,91,FING,El oro de los tigres.,"Borges, Jorge Luis",9500426889
4831,2018-08-07,,FING,,,91,FING,El hacedor.,"Borges, Jorge Luis",9500426943
4832,2018-08-07,,FING,,,82,FING,El héroe de las mujeres.,"Bioy Casares, Adolfo",9500426919
4833,2018-08-07,,FING,,,82,FING,Historias fantásticas.,"Bioy Casares, Adolfo",9500426897
4834,2018-08-07,,FING,,,82,FING,Historias de amor.,"Bioy Casares, Adolfo",9500426854
4835,2018-08-07,,FING,,,82,FING,El libro de arena.,"Borges, Jorge Luis",950042682X
4836,2018-08-07,,FING,,,82,FING,Historia universal de la infamia.,"Borges, Jorge Luis",9500426781
4837,2018-08-07,,FING,,,82,FING,Ficciones.,"Borges, Jorge Luis",9500426803
4838,2018-08-07,,FING,,,82,FING,El aleph.,"Borges, Jorge Luis",9500426765
4839,2018-08-07,,FING,,,82,FING,Historias desaforadas.,"Bioy Casares, Adolfo",9500426951
4840,2018-08-07,,FING,,,82,FING,El informe de Brodie.,"Borges, Jorge Luis",9500426862
4841,2018-08-07,,FING,,,82,FING,Bestiario.,"Cortázar, Julio",9500701774
4842,2018-08-07,,FING,,,92,FING,Viva María.,"Carrière, Jean Claude",9506142750
4843,2018-08-07,,FING,,,93,FING,Mandingo.,"Onstott, Kyle",9506142645
4844,2018-08-07,,FING,,,93,FING,El tiempo del sueño eterno.,"Villeminot, Betty",8440680457
4865,2018-08-07,,FING,,,92,FING,Almuerzo.,"Mendaro, María Celeste",
4869,2018-08-07,,FING,,,86,FING,El túnel.,"Sábato, Ernesto",950731489X
4870,2018-08-07,,FING,,,84,FING,Cuentos que me apasionaron 1 /,"Sábato, Ernesto",9507314997
4871,2018-08-07,,FING,,,93,FING,Sobre héroes y tumbas.,"Sábato, Ernesto",9507314911
4872,2018-08-07,,FING,,,93,FING,Abbadón el exterminador.,"Sábato, Ernesto",9507314938
4873,2018-08-07,,FING,,,83,FING,Antes del fin.,"Sábato, Ernesto",950731492X
4874,2018-08-07,,FING,,,83,FING,Apologías y rechazos.,"Sábato, Ernesto",9507314970
4875,2018-08-07,,FING,,,83,FING,El escritor y sus fantasmas.,"Sábato, Ernesto",9507314954
4876,2018-08-07,,FING,,,83,FING,Heterodoxia.,"Sábato, Ernesto",9507314989
4877,2018-08-07,,FING,,,83,FING,Hombres y engranajes.,"Sábato, Ernesto",9507314903
4878,2018-08-07,,FING,,,83,FING,La resistencia.,"Sábato, Ernesto",9507314946
4879,2018-08-07,,FING,,,83,FING,Uno y el universo.,"Sábato, Ernesto",9507314962
4978,2018-08-07,,FING,,,92,FING,Los cuatro grandes.,"Christie, Agatha",
4979,2018-08-07,,FING,,,92,FING,El truco de los espejos.,"Christie, Agatha",8477511667
5016,2018-08-07,,FING,,,82,FING,Los cuentos de José Soler Puig.,"Bahr, Aida",9591102577
5017,2018-08-07,,FING,,,86,FING,Las ratas.,"Bianco, José",9509394327
5018,2018-08-07,,FING,,,82,FING,Noches blancas.,"Dostoyevski, Fiodor M.",9506950482
5019,2018-08-07,,FING,,,83,FING,Preguntas básicas sobre la ciencia.,"Asimov, Isaac",9506950490
5020,2018-08-07,,FING,,,90,FING,"Estado, democracia y ciudadanía.","Macor, Darío",9875031585
5021,2018-08-07,,FING,,,86,FING,El alma del guerrero.,"Conrad, Joseph",9506950571
5022,2018-08-07,,FING,,,82,FING,El candor del padre Brown(I).,"Chesterton, Gilbert Keith",950695058X
5023,2018-08-07,,FING,,,82,FING,El candor del padre Brown(II).,"Chesterton, Gilbert Keith",9506950598
5024,2018-08-07,,FING,,,82,FING,El monje negro.,"Chejóv, Antón",9506950555
5025,2018-08-07,,FING,,,86,FING,"Billy Bud, marinero.","Melville, Hermann",9506950776
5026,2018-08-07,,FING,,,84,FING,La sombra fuera del espacio y otros relatos.,"Lovecraft, Howard Phillips",9506950784
5027,2018-08-07,,FING,,,84,FING,Cuentos de guerra.,"Maupassan, Guy de",9506950911
5028,2018-08-07,,FING,,,91,FING,Antología.,"Hernández, Miguel",9506950997
5029,2018-08-07,,FING,,,84,FING,Vanina Vanini.,Stendhal,
5030,2018-08-07,,FING,,,86,FING,"Bartleby, el escribiente.","Melville, Hérman",
5031,2018-08-07,,FING,,,84,FING,Los cenci.La duquesa de Palliano.,Stendhal,
5032,2018-08-07,,FING,,,86,FING,El decamerón (I) (selección).,"Boccaccio, Giovanni",950695108X
5033,2018-08-07,,FING,,,82,FING,El voto.,"Hoffman, Ernest Theodor Amadeus",
5034,2018-08-07,,FING,,,86,FING,Un jinete por el cielo.,"Bierce, Ambrose",
5035,2018-08-07,,FING,,,82,FING,Poemas y cuentos breves.,"Benedetti, Mario",9879936140
5036,2018-08-07,,FING,,,82,FING,Los ojos de la pantera y otros relatos.,"Bierce, Ambrose",9506951314
5037,2018-08-07,,FING,,,91,FING,La vida nueva.,Dante,9506951373
5038,2018-08-07,,FING,,,91,FING,Rimas.,"Bécquer, Gustavo Adolfo",9506951373
5039,2018-08-07,,FING,,,84,FING,El mejicano y otros relatos.,"London, Jack",9506951381
5040,2018-08-07,,FING,,,91,FING,Poesías.,Almafuerte,9506951489
5041,2018-08-07,,FING,,,82,FING,Antología del cuento cubano (I).,,987901507X
5042,2018-08-07,,FING,,,84,FING,La monja sangrienta y otros relatos.,"Nodier, Charles",9506951624
5043,2018-08-07,,FING,,,91,FING,Poesías.,"Juan de la Cruz, Santo",9879015525
5044,2018-08-07,,FING,,,82,FING,El tiesto de albahaca y otros amores desdichados.,"Boccaccio, Giovanni",9879015541
5045,2018-08-07,,FING,,,82,FING,Relatos de Odesa.,"Bábel, Isaac",9879015703
5046,2018-08-07,,FING,,,83,FING,Entre susurros.,"Loik de Righelato, Mariquita",9874367083
5060,2018-08-07,,FING,,,91,FING,Honestidad brutal.,"Delicia, Pablo Javier",9789871493029
5412,2018-08-07,,FING,,,91,FING,Honestidad brutal.,"Delicia, Pablo Javier",9789871493029
5253,2018-08-07,,FING,,,91,FING,"El escritor, el amor y la muerte.","Medina, Enrique",9504900682
5277,2018-08-07,,FING,,,84,FING,Relatos de terror 3.,"Lovecraft, H.P.",8441413746 | 8441412979
5278,2018-08-07,,FING,,,84,FING,Colaboraciones 6.,"Lovecraft, H.P.",8441414572 | 8441412979
5279,2018-08-07,,FING,,,86,FING,<1984 = mil novecientos ochenta y cuatro>.,"Orwell, George",
5301,2018-08-07,,FING,,,84,FING,Cuentos completos.,"Manauta, Juan José",950698185X
6298,2018-08-07,,FING,,,84,FING,Cuentos completos.,"Manauta, Juan José",950698185X
5413,2018-08-07,,FING,,,82,FING,Un pesado barrilete...la razón :,"Delicia, Pablo Javier",
5414,2018-08-07,,FING,,,82,FING,Un pesado barrilete...la razón :,"Delicia, Pablo Javier",
5418,2018-08-07,,FING,,,84,FING,Cuentos con cuernos.,"Ríos Ortiz, Ricardo",
5419,2018-08-07,,FING,,,91,FING,Cuentos con cuernos. Poesía mía II. Temas.,"Ríos Ortiz, Ricardo",
5420,2018-08-07,,FING,,,84,FING,<veintisiete>27 cuentos tan diversos.,"Ríos Ortiz, Ricardo",
5421,2018-08-07,,FING,,,83,FING,Enredos en torno a una máquina.,"Ríos Ortiz, Ricardo",
5422,2018-08-07,,FING,,,86,FING,Cuando la revolución devora :,"Ríos Ortiz, Ricardo",
5423,2018-08-07,,FING,,,84,FING,Alucinaciones :,"Ríos Ortiz, Ricardo",
5467,2018-08-07,,FING,,,82,FING,Fiebre de sangre.,"Hyde, Shelley",8427008120
5468,2018-08-07,,FING,,,84,FING,Las mejores historias de terror-IV.,"Page, Gerald W.",8427008902
5469,2018-08-07,,FING,,,82,FING,Mujeres tipo 1.,"De Michele, Daniel",9874360607
5470,2018-08-07,,FING,,,82,FING,Cuentos con historia.,,9879580338
5680,2018-08-07,,FING,,,86,FING,Rayuela.,"Cortázar, Julio",9789875780620
5681,2018-08-07,,FING,,,82,FING,El juguete rabioso.,"Arlt, Roberto",9974782007
5682,2018-08-07,,FING,,,86,FING,Frankenstein.,"Shelley, Mary",9789871269198
5683,2018-08-07,,FING,,,91,FING,La milla verde.,"King, Stephen",9789871138968
5684,2018-08-07,,FING,,,83,FING,Los diez mandamientos en el siglo XXI :,"Savater, Fernando",9789875660656
5685,2018-08-07,,FING,,,91,FING,Veinte mil leguas de viaje submarino.,"Verne, Julio",
5686,2018-08-07,,FING,,,86,FING,La naranja mecánica.,"Burgess, Anthony",9789505470877
5687,2018-08-07,,FING,,,91,FING,El castillo.,"Kafka, Franz",9789505470877
5688,2018-08-07,,FING,,,86,FING,Los siete locos.,"Arlt, Roberto",9974782058
5689,2018-08-07,,FING,,,86,FING,El retrato de Dorian Gray.,"Wilde, Oscar",9789871269204
5690,2018-08-07,,FING,,,86,FING,El extraño caso del Dr. Jekyll y de Mr. Hyde.,"Stevenson, Robert L.",9789871269358
5691,2018-08-07,,FING,,,91,FING,Drácula.,"Stoker, Bram",9789872203795
5793,2018-08-07,,FING,,,82,FING,Cuentos completos 1.,"Cortázar, Julio",9789870416852
5794,2018-08-07,,FING,,,82,FING,Cuentos completos 2.,"Cortázar, Julio",
5795,2018-08-07,,FING,,,86,FING,La máquina del tiempo.,"Wells, Herbert George",9789504002062
5796,2018-08-07,,FING,,,86,FING,Los siete locos.,"Arlt, Roberto",9789500306201
5797,2018-08-07,,FING,,,92,FING,Adán Buenosayres.,"Marechal, Leopoldo",9789500433082
5798,2018-08-07,,FING,,,91,FING,"Arqueros, ilusionistas y goleadores.","Soriano, Osvaldo",9789500433167
5799,2018-08-07,,FING,,,93,FING,La ciudad y los perros.,"Vargas Llosa, Mario",9789870416883
5800,2018-08-07,,FING,,,90,FING,El eternauta.,"Oesterheld, H.G.",9789872640804
5801,2018-08-07,,FING,,,92,FING,Don Quijote de la Mancha.,"Cervantes, Miguel de",9789870413653
5802,2018-08-07,,FING,,,93,FING,Ensayo sobre la ceguera.,"Saramago, José",9789870416814
5803,2018-08-07,,FING,,,91,FING,Crónicas del ángel gris.,"Dolina, Alejandro",9789505812707
5804,2018-08-07,,FING,,,86,FING,Viaje al centro de la tierra.,"Verne, Jules",9789504002642
5805,2018-08-07,,FING,,,93,FING,Sobre héroes y tumbas.,"Sábato, Ernesto",9789500433143
5806,2018-08-07,,FING,,,91,FING,Fuente Ovejuna.,"Vega, Lope de",9788420743554
5807,2018-08-07,,FING,,,86,FING,El túnel.,"Sábato, Ernesto",9789500433136
5824,2018-08-07,,FING,,,91,FING,Poemas de la oficina ; Noción de patria ; A ras de sueño ; Letras de emergencia.,"Benedetti, Mario",9789875035331
5825,2018-08-07,,FING,,,91,FING,Poemas de otros ; Cotidianas.,"Benedetti, Mario",9789875035362
5826,2018-08-07,,FING,,,91,FING,Vientos del exilio ; Geografías ; Rincón de haikus.,"Benedetti, Mario",9789875035386
5827,2018-08-07,,FING,,,91,FING,Preguntas al azar.,"Benedetti, Mario",9789875035423
5828,2018-08-07,,FING,,,91,FING,El olvido está lleno de memoria.,"Benedetti, Mario",9789875035478
5829,2018-08-07,,FING,,,91,FING,La vida ese paréntesis.,"Benedetti, Mario",9789875035522
5830,2018-08-07,,FING,,,91,FING,Poemas del hoyporhoy ; Próximo prójimo ; Contra los puentes levadizos ; La casa y el ladrillo.,"Benedetti, Mario",9789875035539
5831,2018-08-07,,FING,,,91,FING,Yesterday y mañana ; Despistes y franquezas.,"Benedetti, Mario",9789875035591
5832,2018-08-07,,FING,,,91,FING,Las soledades de Babel.,"Benedetti, Mario",9789875035614
5833,2018-08-07,,FING,,,91,FING,El mundo que respiro.,"Benedetti, Mario",9789875035676
5834,2018-08-07,,FING,,,91,FING,Defensa propia :,"Benedetti, Mario",9789875035706
5835,2018-08-07,,FING,,,91,FING,Adioses y bienvenidas :,"Benedetti, Mario",9789875035690
5839,2018-08-07,,FING,,,91,FING,El libro de los abrazos.,"Galeano, Eduardo",9789876291163
5840,2018-08-07,,FING,,,83,FING,Las venas abiertas de América Latina.,"Galeano, Eduardo",9789876291132
5845,2018-08-07,,FING,,,90,FING,Bio da para todo....y para todos.,"Delicia, Pablo J.",9789873319112
5846,2018-08-07,,FING,,,90,FING,Bio da para todo....y para todos.,"Delicia, Pablo J.",9789873319112
5861,2018-08-07,,FING,,,92,FING,La casa de los espíritus.,"Allende, Isabel",9789871138906
5862,2018-08-07,,FING,,,82,FING,El rey de la milonga.,"Fontanarrosa, R.",9505151977
5863,2018-08-07,,FING,,,92,FING,El diario de Ana Frank.,,9789871594313
5864,2018-08-07,,FING,,,91,FING,Los hijos de los días.,"Galeano, Eduardo",9789876292009
5865,2018-08-07,,FING,,,92,FING,El nombre de la rosa.,"Eco, Umberto",9789872060954
5866,2018-08-07,,FING,,,82,FING,Todos los fuegos el fuego.,"Cortázar, Julio",9789870713609
5867,2018-08-07,,FING,,,91,FING,El principito.,"Saint-Exupéry, Antoine de",
5869,2018-08-07,,FING,,,91,FING,Parábolas y paradojas.,"Kafka, Franz",9789876830256
5870,2018-08-07,,FING,,,86,FING,Los miserables.,"Hugo, Víctor",9789875504950
5871,2018-08-07,,FING,,,90,FING,Cómo se cuenta un cuento.,"García Márquez, Gabriel",9789870700739 | 9789870700432
5872,2018-08-07,,FING,,,90,FING,Me alquilo para soñar.,"García Márquez, Gabriel",9789870700678 | 9789870700432
5873,2018-08-07,,FING,,,83,FING,Así lo veo yo.,"Einstein, Albert",9789875505872
5875,2018-08-07,,FING,,,91,FING,Hamlet.,"Shakespeare, William",9789871269082
5876,2018-08-07,,FING,,,86,FING,El hablador.,"Vargas Llosa, Mario",9789870411833
5877,2018-08-07,,FING,,,83,FING,Trilogía de la fundación.,"Asimov, Isaac",9789875666733
5903,2018-08-07,,FING,,,91,FING,La obra maestra desconocida.,"Balzac, Honoré de",9789872641801
5904,2018-08-07,,FING,,,91,FING,Babilonia.,"Discépolo, Armando",9789872641825
5905,2018-08-07,,FING,,,91,FING,Hamlet :,"Shakespeare, William",9789872641849
5906,2018-08-07,,FING,,,93,FING,Trafalgar.,"Pérez Galdós, Benito",9789500307352
5907,2018-08-07,,FING,,,84,FING,El color que cayó del cielo.,"Lovecraft, Howard Phillips",9505342071
5908,2018-08-07,,FING,,,AI3,FING,Más que humano.,"Sturgeon, Theodore",9789505471478
5909,2018-08-07,,FING,,,82,FING,El candor del Padre Brown.,"Chesterton, G.K.",9789504002611
5910,2018-08-07,,FING,,,91,FING,Fausto.,"Goethe, Johann Wolfgang von",9788437606774
5911,2018-08-07,,FING,,,83,FING,"Los mitos griegos, 1.","Graves, Robert",9789504002086
5912,2018-08-07,,FING,,,86,FING,Trafalgar.,"Gorodischer, Angélica",9789500433075
5913,2018-08-07,,FING,,,86,FING,Demian :,"Hesse, Hermann",9789504002024
5914,2018-08-07,,FING,,,84,FING,Cuentos fatales.,"Lugones, Leopoldo",9789870602194
5915,2018-08-07,,FING,,,84,FING,Las fuerzas extrañas.,"Lugones, Leopoldo",
5916,2018-08-07,,FING,,,83,FING,La vida blanca.,"Mallea, Eduardo",9789500517010
5917,2018-08-07,,FING,,,84,FING,La vendetta y otros cuentos de horror.,"Maupassant, Guy de",9789504002031
5918,2018-08-07,,FING,,,86,FING,El juguete rabioso.,"Arlt, Roberto",9789500306058
5919,2018-08-07,,FING,,,91,FING,El burlador de Sevilla y convidado de piedra.,"Molina, Tirso de",8449415470
5920,2018-08-07,,FING,,,83,FING,Naufragios.,"Núñez Cabeza de Vaca, Alvar",9789504002628
5921,2018-08-07,,FING,,,86,FING,Lazarillo de Tormes.,"Marañon, Gregorio",9789508522511
5922,2018-08-07,,FING,,,92,FING,El señor presidente.,"Asturias, Miguel Ángel",9789500305785
5956,2018-08-07,,FING,,,92,FING,Tragedia en tres actos.,"Christie, Agatha",9789504931355
5986,2018-08-07,,FING,,,82,FING,Existir y trascender :,"Delicia, Pablo Javier",
6112,2018-08-07,,FING,,,86,FING,La noche del polizón.,"Ferrari, Andrea",9789875453104
6267,2018-08-07,,FING,,,91,FING,"Reinaldo Rosillo, poeta de los niños y del delta [conferencia].","Ortiz, Juan L.",9789506983390
6268,2018-08-07,,FING,,,91,FING,Islote municipal [antología].,"Villanueva, Amaro",
6286,2018-08-07,,FING,,,84,FING,El escarabajo de oro :,"Poe, Edgar Allan",9872140286
6288,2018-08-07,,FING,,,86,FING,El sabueso de los Baskerville.,"Doyle, Arthur Conan",
6289,2018-08-07,,FING,,,86,FING,Estudio en escarlata.,"Doyle, Arthur Conan",
6299,2018-08-07,,FING,,,91,FING,Nuevamente el camino :,"Gudiño Kramer, Luis",9789506983369
6300,2018-08-07,,FING,,,91,FING,"Paraná, rosa de otoño :","Villanueva, Amaro",9789506983185
6301,2018-08-07,,FING,,,91,FING,Poemas a las cosas de la calle sucia :,"Jozami, Nicolás J.",9789506983192
L616,2018-08-07,,FING,,,91,FING,Poética contemporánea.,,9789506982171
L614,2018-08-07,,FING,,,91,FING,Enaguas [manchada].,"Lesa, Oscar Valentín",9506981000
L615,2018-08-07,,FING,,,91,FING,Enaguas [manchada].,"Lesa, Oscar Valentín",9506981000
6407,2018-08-07,,FING,,,86,FING,La vuelta al mundo en 80 días.,"Verne, Julio",
6408,2018-08-07,,FING,,,92,FING,La gesta del marrano.,"Aguinis, Marcos",9789504916468
6413,2018-08-07,,FING,,,86,FING,La ciudad libre.,"Teira, Félix",847669377X
6414,2018-08-07,,FING,,,92,FING,Recuerdos de un médico rural.,"Favaloro, René G.",9789875663886
6415,2018-08-07,,FING,,,93,FING,Opus nigrum.,"Yourcenar, Marguerite",9505118678
6416,2018-08-07,,FING,,,91,FING,Historia de cronopios y de famas.,"Cortázar, Julio",9789875780811
6489,2018-08-07,,FING,,,91,FING,Tiempos signos lugares.,"Prieto, Adolfo",9789506983581
6492,2018-08-07,,FING,,,91,FING,El junco y la corriente.,"Ortiz, Juan L.",9789506983062
6493,2018-08-07,,FING,,,91,FING,Poesía completa.,"Manauta, Juan José",9789506983482
6494,2018-08-07,,FING,,,84,FING,Cuentos completos.,"Manauta, Juan José",9789506983284
6546,2018-08-07,,FING,,,84,FING,El elefante desaparece.,"Murakami, Haruki",9789876703215
6581,2018-08-07,,FING,,,84,FING,Chicas muertas.,"Lee, Nancy",9788477652540
6630,2018-08-07,,FING,,,91,FING,Gilgamesh :,"Silva Castillo, Jorge",9788472456273
6631,2018-08-07,,FING,,,86,FING,Tatuajes.,"Siemens, Sandra",9789875456136
6632,2018-08-07,,FING,,,83,FING,Derrotero y viaje a España y Las Indias 1534-1554.,"Schmidl, Ulrico [Utz]",9789506983895
6635,2018-08-07,,FING,,,86,FING,El andamio.,"Barrandéguy, Emma",9789506983857
6636,2018-08-07,,FING,,,84,FING,Del pasado entrerriano :,"Segovia, Francisco D.",9789506983864
6637,2018-08-07,,FING,,,86,FING,Mi hogar de niebla.,"Fabani, Ana Teresa",9789506983871
6643,2018-08-07,,FING,,,92,FING,La canción de Salomón.,"Morrison, Toni",8497932625
6644,2018-08-07,,FING,,,91,FING,La muerte de un viajante.,"Miller, Arthur",844940827X
6701,2018-08-07,,FING,,,92,FING,El juego de abalorios.,"Hesse, Herman",9500702762
6713,2018-08-07,,FING,,,86,FING,Un mundo feliz.,"Huxley, Aldous",9789871138517
6722,2018-08-07,,FING,,,82,FING,Cien años de comunidad :,"Brizuela, Iván",9789872683702
6723,2018-08-07,,FING,,,84,FING,Diego a la diez y diez y otros diez cuentos.,"Piñero, Elio Bernabé",9789871211487
6724,2018-08-07,,FING,,,82,FING,Cuentistas rosarinos.,"Colombo Díaz, María Inés",
6725,2018-08-07,,FING,,,91,FING,[Antología].,"Pedoggi, Horacio",9789871211418
6726,2018-08-07,,FING,,,91,FING,[Antología].,,9789871211425
6733,2018-08-07,,FING,,,93,FING,Ensayo sobre la lucidez.,"Saramago, José",9505119410
6734,2018-08-07,,FING,,,86,FING,Caín.,"Saramago, José",9789870415695
6735,2018-08-07,,FING,,,83,FING,De profundis.,"Wilde, Oscar",9789875710184
6736,2018-08-07,,FING,,,91,FING,Aventuras de Sherlock Holmes.,"Doyle, Arthur Conan",9789875710382
6737,2018-08-07,,FING,,,86,FING,Relato de un naúfrago.,"García Márquez, Gabriel",9789871138036
6738,2018-08-07,,FING,,,86,FING,Crónica de una muerte anunciada.,"García Márquez, Gabriel",9789871138012
6750,2018-08-07,,FING,,,86,FING,El hombre que fue jueves.,"Chesterton, Gilbert Keith",9789875710382
6751,2018-08-07,,FING,,,93,FING,Testigo silencioso.,"Patterson, Richard North",9500418126
6752,2018-08-07,,FING,,,86,FING,El anatomista.,"Andahazi, Federico",9789875801561
6753,2018-08-07,,FING,,,86,FING,La pianista.,"Jelinek, Elfriede",9879397355
6754,2018-08-07,,FING,,,93,FING,El último Don.,"Puzo, Mario",9567510121
6755,2018-08-07,,FING,,,86,FING,Sandra.,"Magnus, Ariel",9500427443
6756,2018-08-07,,FING,,,93,FING,El pozo de la muerte.,"Preston, Douglas",
6757,2018-08-07,,FING,,,93,FING,Ivanhoe.,"Scott, Walter",8402054838
6758,2018-08-07,,FING,,,92,FING,El silencio de los corderos.,"Harris, Thomas",8447301389
6782,2018-08-07,,FING,,,86,FING,Rebelión en la granja.,"Orwell, George",9789875669062
6783,2018-08-07,,FING,,,86,FING,La chica del tren.,"Hawkins, Paula",9789504946403
6819,2018-08-07,,FING,,,92,FING,Crímenes en la Facultad de Ingeniería.,"Dargood, Norman",9506731500
6822,2018-08-07,,FING,,,86,FING,Del amor y otros demonios.,"García Márquez, Gabriel",9871138040
6823,2018-08-07,,FING,,,91,FING,El libro del fantasma.,"Dolina, Alejandro",9789875804661
6824,2018-08-07,,FING,,,91,FING,Bar del infierno.,"Dolina, Alejandro",9504913504
6827,2018-08-07,,FING,,,86,FING,El doble.,"Dostoievski, Fedor",9789875034730
6828,2018-08-07,,FING,,,91,FING,Romances del Río Seco.,"Lugones, Leopoldo",9879743512
6829,2018-08-07,,FING,,,86,FING,Sumisión.,"Houllebecq, Michel",9788433979230
6852,2018-08-07,,FING,,,91,FING,El rey Lear.,"Shakespeare, William",9871165315
6853,2018-08-07,,FING,,,86,FING,Divertimento.,"Cortázar, Julio",9789870430629
6857,2018-08-07,,FING,,,86,FING,El psicoanalista.,"Katzenbach, John",9788498721805
6860,2018-08-07,,FING,,,84,FING,<veinticinco>25 cuentos argentino magistrales.,"Mastrángelo, Carlos",
6861,2018-08-07,,FING,,,84,FING,Anaconda.,"Quiroga, Horacio",
6862,2018-08-07,,FING,,,91,FING,Apuntes para el fin de siglo.,"Galeano, Eduardo",9508600551
6863,2018-08-07,,FING,,,91,FING,Proverbios y cantares.,"Machado, Antonio",9506390312
8826,2019-06-14,,FING,,,H24,FING,Revista Mexicana de Ingeniería Biomédica,,
3762,2018-08-07,,FING,,,5,FING,Resumen de actividades 1999-2000.,,
4143,2018-08-07,,FING,,,5,FING,Resumen de actividades 2001.,,
4144,2018-08-07,,FING,,,5,FING,Reporte Shell 2001 :,,
1827,2018-08-07,,FING,,,47,FING,IEEE Guide for medical ultrasound field parameter measurements.,,1559370343.0
3025,2018-08-07,,FING,,,47,FING,IEEE Guide for medical ultrasound field parameter measurements.,,1559370343.0
3024,2018-08-07,,FING,,,31,FING,IEEE Standard digital interface for programmable instrumentation.,,
3338,2018-08-07,,FING,,,25,FING,IEEE standard for logic circuit diagrams.,,
3282,2018-08-07,,FING,,,52,FING,Normas IRAM-IACC-ISO sobre gestión de la calidad 1994 :,,
2929,2018-08-07,,FING,,,52,FING,Normas IRAM-IACC/ISO sobre gestión de la calidad 1994 :,,
2256,2018-08-07,,FING,,,41,FING,Proceedings.,"Pedersen, Peder C.",0879425598
3508,2018-08-07,,FING,,,16,FING,Seminario de métodos estadísticos multivariados.,,
3301,2018-08-07,,FING,,,55,FING,Curso de electromedicina.,,
5982,2018-08-07,,FING,,,55,FING,Curso de electromedicina.,,
2885,2018-08-07,,FING,,,55,FING,Introducción a la electromedicina.,,
3303,2018-08-07,,FING,,,47,FING,Curso de diagnóstico por imágenes.,,
1774,2018-08-07,,FING,,,43,FING,Medical lasers and systems :,"Harris, David M.",0819407968
1114,2018-08-07,,FING,,,38,FING,Simposio sobre calidad del aire en lugares cerrados.,,
2788,2018-08-07,,FING,,,55,FING,Jornadas Nacionales de Ingeniería Hospitalaria.,,
1778,2018-08-07,,FING,,,47,FING,Image processing :,"Loew, Murray H.",0819408042
1779,2018-08-07,,FING,,,47,FING,"Image capture, formatting and display :","Kim, Yongmin",0819408050
1780,2018-08-07,,FING,,,47,FING,PACS design and evaluation :,"Jost, R. Gilbert",0819408069
2980,2018-08-07,,FING,,,38,FING,Programa.,,
2971,2018-08-07,,FING,,,38,FING,La seguridad en el hospital :,,8435205002
3660,2018-08-07,,FING,,,7,FING,Simposio Internacional sobre Prevención del Sida.,,
2993,2018-08-07,,FING,,,45,FING,The interrelationship of the immune response and cancer :,,0839105576
3697,2018-08-07,,FING,,,41,FING,Anales.,,
3698,2018-08-07,,FING,,,41,FING,Anales.,,
3699,2018-08-07,,FING,,,41,FING,Anales.,,
3702,2018-08-07,,FING,,,13,FING,"Así, la Física se ve mejor.","Corujo, Jacinto",9506980780
3703,2018-08-07,,FING,,,13,FING,"Así, la Física se ve mejor.","Corujo, Jacinto",9506980780
3737,2018-08-07,,FING,,,99,FING,Nuevos paradigmas en la cardiopatía coronaria :,,
3562,2018-08-07,,FING,,,99,FING,Seminario sobre educación y lenguaje en áreas de fronteras.,"Behares, Luis Ernesto",9974000912
3816,2018-08-07,,FING,,,63,FING,Seminario internacional Por una Cultura de Paz : la educación y los valores de la democracia.,,
428,2018-08-07,,FING,,,41,FING,Engeharia biomédica :,"Lima, Walter Celso de",
2077,2018-08-07,,FING,,,41,FING,Engeharia biomédica :,"Lima, Walter Celso de",
2789,2018-08-07,,FING,,,55,FING,Información general.,,
2087,2018-08-07,,FING,,,41,FING,Engenharia biomédica :,"Calil, Saíde Jorge",
3765,2018-08-07,,FING,,,43,FING,Program.,,
2309,2018-08-07,,FING,,,41,FING,Abstracts /,,
2308,2018-08-07,,FING,,,41,FING,Abstracts /,,
4111,2018-08-07,,FING,,,59,FING,Ponencias de los becarios de perfeccionamiento.,,
4112,2018-08-07,,FING,,,59,FING,Resúmenes de los trabajos presentados.,,
4140,2018-08-07,,FING,,,41,FING,Resúmenes de ponencias.,,
4141,2018-08-07,,FING,,,41,FING,Resúmenes de ponencias.,,
4142,2018-08-07,,FING,,,41,FING,Resúmenes de ponencias.,,
L465,2018-08-07,,FING,,,41,FING,Resúmenes de ponencias.,,
2078,2018-08-07,,FING,,,41,FING,Cursos.,,
3000,2018-08-07,,FING,,,41,FING,Programas y resúmenes.,,
2249,2018-08-07,,FING,,,41,FING,Resúmenes /,,
2085,2018-08-07,,FING,,,41,FING,Resúmenes /,,
481,2018-08-07,,FING,,,41,FING,Programas y resúmenes.,,
3001,2018-08-07,,FING,,,41,FING,Programas y resúmenes.,,
2088,2018-08-07,,FING,,,41,FING,Comunicaçoes científicas /,,
2248,2018-08-07,,FING,,,41,FING,Comunicaçoes científicas /,,
2086,2018-08-07,,FING,,,41,FING,Reunión científica.,,
3002,2018-08-07,,FING,,,41,FING,Reunión científica.,,
4363,2018-08-07,,FING,,,41,FING,Reunión científica.,,
4383,2018-08-07,,FING,,,59,FING,Ponencias.,,
3587,2018-08-07,,FING,,,7,FING,Material didáctico.,,
L466,2018-08-07,,FING,,,41,FING,Resúmenes de ponencias.,,
L467,2018-08-07,,FING,,,41,FING,Cuaderno de resúmenes.,,9506981191
4617,2018-08-07,,FING,,,56,FING,Congress proceedings.,,
4618,2018-08-07,,FING,,,56,FING,Congress proceedings.,,
4619,2018-08-07,,FING,,,56,FING,Congress proceedings.,,
3586,2018-08-07,,FING,,,7,FING,Material didáctico.,,9800735615
4632,2018-08-07,,FING,,,83,FING,Ensayos.,,9506981469
5073,2018-08-07,,FING,,,83,FING,Encuentro Provincial de Escritores Entrerrianos.,,9789506982188
5282,2018-08-07,,FING,,,49,FING,Plan Fénix. Propuestas para el desarrollo con equidad.,,9789506982140
5302,2018-08-07,,FING,,,59,FING,[Resúmenes].,,9789506982348
5303,2018-08-07,,FING,,,AI2,FING,[Ponencias].,,9789879350836
5304,2018-08-07,,FING,,,AI2,FING,[Ponencias].,,9789879350836
5725,2018-08-07,,FING,,,99,FING,Educação para uma vida sustentável.Educação como direito humano :,"Favarão, Maria José",9788561910747
5773,2018-08-07,,FING,,,49,FING,Plan Fénix. Poder y territorio :,,9789876576369
5878,2018-08-07,,FING,,,49,FING,Resúmenes.,,9789871450954
3296,2018-08-07,,FING,,,56,FING,Memorias.,,
5985,2018-08-07,,FING,,,56,FING,Memorias.,,
6135,2018-08-07,,FING,,,43,FING,Microwave :,"Clark, David E.",1574980254
6136,2018-08-07,,FING,,,43,FING,Microwave :,"Clark, David E.",157498103X
6137,2018-08-07,,FING,,,43,FING,Microwaves :,"Clark, David E.",0944904432
6138,2018-08-07,,FING,,,43,FING,Microwaves :,"Clark, David E.",0944904661
6139,2018-08-07,,FING,,,43,FING,Microwaves :,"Clark, David E.",1574980025
2920,2018-08-07,,FING,,,59,FING,Anales.,,
3658,2018-08-07,,FING,,,59,FING,Resumo.,,
2389,2018-08-07,,FING,,,56,FING,Actas.,,
2918,2018-08-07,,FING,,,56,FING,Actas.,,
2448,2018-08-07,,FING,,,56,FING,Trabajos publicados.,,
6324,2018-08-07,,FING,,,30,FING,Programa y libro de resúmenes.,"Torres, M. E.",9789506982799
2498,2018-08-07,,FING,,,41,FING,Proceedings.,"Lorenten, Oivind",9090051678
2261,2018-08-07,,FING,,,41,FING,Proceedings.,"Pedersen, Peder C.",0879425598
2257,2018-08-07,,FING,,,41,FING,Proceedings.,"Pedersen, Peder C.",0879425598
2254,2018-08-07,,FING,,,41,FING,Proceedings.,"Pedersen, Peder C.",0879425598
2259,2018-08-07,,FING,,,41,FING,Proceedings.,"Pedersen, Peder C.",0879425598
2260,2018-08-07,,FING,,,41,FING,Proceedings.,"Nagel, Joachim",0780302168
2266,2018-08-07,,FING,,,41,FING,Proceedings.,"Nagel, Joachim",0780302168
2272,2018-08-07,,FING,,,41,FING,Proceedings.,"Nagel, Joachim",0780302168
2268,2018-08-07,,FING,,,41,FING,Proceedings.,"Nagel, Joachim",0780302168
2271,2018-08-07,,FING,,,41,FING,Proceedings.,"Nagel, Joachim",0780302168
2333,2018-08-07,,FING,,,41,FING,Proceedings.,"Nagel, Joachim",0780302168
2255,2018-08-07,,FING,,,41,FING,Proceedings.,"Nagel, Joachim",0780302168
2258,2018-08-07,,FING,,,41,FING,Proceedings.,"Nagel, Joachim",0780302168
2273,2018-08-07,,FING,,,41,FING,Proceedings.,"Nagel, Joachim",0780302168
2262,2018-08-07,,FING,,,41,FING,Proceedings.,"Nagel, Joachim",0780302168
2264,2018-08-07,,FING,,,41,FING,Proceedings.,"Nagel, Joachim",0780302168
2270,2018-08-07,,FING,,,41,FING,Proceedings.,"Nagel, Joachim",0780302168
2263,2018-08-07,,FING,,,41,FING,Proceedings.,"Nagel, Joachim",0780302168
2265,2018-08-07,,FING,,,41,FING,Proceedings.,"Nagel, Joachim",0780302168
2269,2018-08-07,,FING,,,41,FING,Proceedings.,"Nagel, Joachim",0780302168
F46,2018-08-07,,FING,,,S1,FING,[Exposiciones].,,
3732,2018-08-07,,FING,,,63,FING,Anuario del presupuesto 1999.,,9506980918.0
3810,2018-08-07,,FING,,,63,FING,Anuario del presupuesto 2000.,,9506980950.0
3967,2018-08-07,,FING,,,59,FING,Anuario de las actividades científicas y técnicas (1999/2000).,,9506980985.0
4420,2018-08-07,,FING,,,63,FING,Anuario del presupuesto 2002 /,,
4565,2018-08-07,,FING,,,63,FING,Anuario del presupuesto 2003 /,,
4650,2018-08-07,,FING,,,38,FING,[Anuario 2005].,,
4807,2018-08-07,,FING,,,63,FING,Anuario del presupuesto 2004 /,,
4893,2018-08-07,,FING,,,38,FING,[Anuario AADAIH'06].,,
4894,2018-08-07,,FING,,,63,FING,Anuario del presupuesto 2005.,"Larrazábal, Hugo Rómulo",
4895,2018-08-07,,FING,,,63,FING,Anuario del presupuesto 2005.,"Larrazábal, Hugo Rómulo",
5258,2018-08-07,,FING,,,63,FING,Anuario del presupuesto 2007.,"Arbelo, Juan Manuel",
6065,2018-08-07,,FING,,,63,FING,Anuario del presupuesto 2012.,"Arbelo, Juan Manuel",
6202,2018-08-07,,FING,,,63,FING,Anuario del presupuesto 2013.,"Arbelo, Juan Manuel",
4047,2018-08-07,,FING,,,63,FING,Anuario del presupuesto 2001.,"Larrazábal, Hugo Rómulo",
4048,2018-08-07,,FING,,,63,FING,Anuario del presupuesto 2001.,"Larrazábal, Hugo Rómulo",
