title,author,isbn,origen
Chaotic evolution and strange attractors :,"Ruelle, David.",9780521368308,koha_consulta
Chaotic and fractal dynamics :,"Moon, F. C.,",9780471545712,koha_consulta
Óptica /,"Hecht, Eugene",9788490354926,koha_consulta
Sears y Zemansky Física universitaria :,"Young, Hugh D.",9786073221900,koha_consulta
Ingeniería de tráfico /,"Valdés González-Roldán, Antonio",9788496486775,koha_consulta
Introducción a la economía de la salud para ingenieros biomédicos /,"Martínez Licona, Fabiola Margarita",9786072813410,koha_consulta
Transporte urbano y movilidad :,"Vasconcellos, Eduardo A.",9789871435821,koha_consulta
Arquitectura limpia :,"Martin, Robert C.",9788441539907,koha_consulta
La artesanía del código limpio :,"Martin, Robert C.",9788441544994,koha_consulta
La célula. Handbook /,"Cooper, Geoffrey M.",9788418068904,koha_consulta
Fundamentals of software architecture :,"Richards, Mark",9781492043454,koha_consulta
Python a fondo /,"Ramírez Jiménez, Óscar",9786075387437,koha_consulta
Machine learning con Pytorch y Scikit-Learn :,"Raschka, Sebastian",9788426735737,koha_consulta
Organización y arquitectura de computadores /,"Stallings, William",9788489660823,koha_consulta
Emprendedor :,"Hugo Manzanilla, Victor",9781950604166,koha_consulta
¡Denunciá! :,"Ahmed, Sara,",9789874862334,koha_consulta
Introducción a la teoría feminista /,"Suárez Tomé, Danila",9789874813275,koha_consulta
Medicina de género :,"Glezerman, M.",9788417002107,koha_consulta
Ciencia de los datos :,"Jones, Herbert",9781647481445,koha_consulta
Prácticas y procesos de taller de mecanizado /,"Carrasco Moreno, José",9788426726254,koha_consulta
Bases de la ingeniería ambiental /,"Muñoz Andrés, Vicenta",9788436273625,koha_consulta
Storytelling con datos /,"Knaflic, Cole Nussbaumer",9788441539303,koha_consulta
Artificial intelligence :,"Russell, Stuart",9781292401133,koha_consulta
Python machine learning :,"Raschka, Sebastian",9781789955750,koha_consulta
Elaboración de programas de CNC para la fabricación de piezas por corte y conformado /,"Reche Perea, Manuel",9788416629732,koha_consulta
El vuelo : ,"Gómez, Roberto Julio",9789871759071,koha_consulta
Aeródromos y aeropuertos :,"Gómez, Roberto Julio",9789876861519,koha_consulta
Algorithms illuminated :,"Roughgarden, Tim",9780999282960,koha_consulta
Data warehouse systems :,"Vaisman, Alejandro",9783662651667,koha_consulta
Vías de comunicación :,"Crespo Villalaz, Carlos",9789681868581,koha_consulta
Algorithms illuminated :,"Roughgarden, Tim",9780999282908,koha_consulta
Algorithms illuminated :,"Roughgarden, Tim",9780999282922,koha_consulta
Algorithms illuminated :,"Roughgarden, Tim",9780999282946,koha_consulta
Grokking algorithms :,"Bhargava, Aditya Y.",9781617292231,koha_consulta
Hands-on blockchain for Python developers :,"Kok, Arjuna Sky",9781788627856,koha_consulta
Unit testing :,"Khorikov, Vladimir",9781617296277,koha_consulta
The Accidental Analist® :,"McDaniel, Eileen",9781477432266,koha_consulta
Radiation physics for medical physicists /,"Podgoršak, E. B.",9783319797816,koha_consulta
RDA :,"Ríos Hilario, Ana Belén",9788418105210,koha_consulta
Digital signal processing using MATLAB for students and researchers /,"Leis, John,",9780470880913,koha_consulta
Data science from Scratch :,"Grus, Joel",9781492041139,koha_consulta
Learning Python /,"Lutz, Mark",9781449355739,koha_consulta
"Hands-on machine learning with Scikit-Learn, Keras, and TensorFlow :","Géron, Aurélien",9781492032649,koha_consulta
Ingeniería ferroviaria /,"González Fernández, Francisco Javier",9788436260748,koha_consulta
Infraestructuras ferroviarias /,"López Pita, Andrés",9788498804157,koha_consulta
Evaluación ambiental estratégica :,"Gómez Orea, Domingo",9788484766766,koha_consulta
Evaluación del impacto ambiental /,"Gómez Orea, Domingo",9788484766438,koha_consulta
A common-sense guide to data structures and algorithms :,"Wengrow, Jay",9781680507228,koha_consulta
Modelos estadísticos lineales :,"Téllez Piñerez, Cristian Fernando",9789587624762,koha_consulta
RF/Microwave interaction with biological tissues /,"Vorst, A. vander",9780471732778,koha_consulta
El lenguaje unificado de modelado :,"Booch, Grady",9788478290765,koha_consulta
Intro to Python® :,"Deitel, Paul J.",9780135404676,koha_consulta
Electrotherapy of the heart :,"Schaldach, M.,",9783540553335,koha_consulta
Optimización de clustering en minería de datos :,"Bolívar Muñoz, Juan Alberto",9783659023538,koha_consulta
Logística internacional :,"David, Pierre A.",9786075224930,koha_consulta
Tecnología e ingeniería ferroviaria :,"Villaronte Fernández-Villa, Juan Antonio,",9788492954407,koha_consulta
Medical instrument design and development :,"Becchetti, Claudio",9781119952404,koha_consulta
Biomedical devices :,"Lam, Raymond H. W.",9783030242367,koha_consulta
Histología :,"Pawlina, Wojciech",9788417602659,koha_consulta
Mecánica de fluidos :,"Çengel, Yunus A.",9781456260941,koha_consulta
Crash couse in basic cataloging with RDA /,"Moulaison-Sandy, Heather",9781440837760,koha_consulta
High performance MySQL /,"Schwartz, Baron",9781449314286,koha_consulta
Circuitos eléctricos /,"Nilsson, James William",9788420544588,koha_consulta
Seguridad en el medio hospitalario /,"Hernández Pozuelo, Agustín",9788413239804,koha_consulta
Data warehouse business intelligence.,"Cardador Cabello, Antonio Luis",9788491986164,koha_consulta
El transporte de mercancías :,"Anaya Tejero, Julio Juan",9788415986553,koha_consulta
Circuitos eléctricos y aplicaciones digitales /,"Villaseñor Gómez, Jorge Raúl",9786073215152,koha_consulta
Investigación operativa /,"Raffo Lecca, E.",9786123045050,koha_consulta
Economía del transporte,"Rus Mendoza, Ginés de",9788495348081,koha_consulta
Railway management and engineering /,"Profillidis, V. A.",9780367027971,koha_consulta
Theory of functions of a complex variable /,"Markushevich, A.",9780821837801,koha_consulta
Gestión hospitalaria /,"Temes Montes, José Luis",9788448178918,koha_consulta
Mecánica vectorial para ingenieros :,"Beer, Ferdinand P.",9781456255275,koha_consulta
Técnicas de mejora continua en el transporte /,"Tolosa, Lander",9786075382579,koha_consulta
Droit de cité /,"Moreno, Carlos",9791032917053,koha_consulta
Evidence-based maintenance of medical equipment :,"Binseng, Wang",9781696005401,koha_consulta
Control aplicado con variables de estado /,"Martínez Rodríguez, Jorge Luis",9788497328036,koha_consulta
Statistical techniques for transportation engineering,"Molugaram, Kumar",9780128115558,koha_consulta
Administración estratégica :,"Hill, Charles W. L.",9786075268064,koha_consulta
Fundamentos de administración financiera /,"Brigham, Eugene F.,",9786075269368,koha_consulta
Fisiología humana /,"Costanzo, Linda S.,",9788417370367,koha_consulta
Administración de operaciones /,"Collier, David Allen",9786075268132,koha_consulta
Derecho del transporte : ,"Losada, Francisco R.",9789877062144,koha_consulta
"Fake news, true facts and legends in clinical engineering :","Binseng, Wang",9798665795478,koha_consulta
Principios de economía /,"Mankiw, N. Gregory",9786075269481,koha_consulta
Introducción a la probabilidad y estadística /,"Mendenhall, William",9786075198767,koha_consulta
SQL :,"Oppel, Andrew J.",9780071842594,koha_consulta
Derecho del transporte /,"Calleja, Martín",9789508947932,koha_consulta
Logística hospitalaria :,"Ozores Massó, Borja",9786077075691,koha_consulta
Introducción a los procesos de manufactura /,"Groover, Mikell P.",9786071512086,koha_consulta
Minería de datos :,"Pérez Marqués, María",9786076221747,koha_consulta
Fisiología humana :,"Silverthorn, Dee Unglaub",9786078546220,koha_consulta
"Transporte, operadores, redes /","Mauleón Torres, Mikel",9788499696379,koha_consulta
Ingeniería de tránsito :,"Cal y Mayor, Rafael",9786075382173,koha_consulta
Breve manual de lectura y escritura para la universidad /,"Clérici, Carolina",9789506984762,koha_consulta
Anatomía humana :,"Latarjet, Michel",9789500695886,koha_consulta
An analysis of the finite element method /,"Strang, Gilbert",9780980232707,koha_consulta
Theory of modeling and simulation :,"Zeigler, Bernard P.",9780128133705,koha_consulta
Programación orientada a objetos :,"Fontela, Carlos",9789871104086,koha_consulta
Railway transportation systems :,"Pyrgidis, Christos N.",9780367027971,koha_consulta
Sistemas de regulación y control /,"Díaz Fernández-Raigoso, Aurelio José",9788426717344,koha_consulta
Cálculo :,"Rogawski, Jon",9788429151947,koha_consulta
Data mining =,"Daza Vergaray, Alfredo",9788426724588,koha_consulta
Introduction to modeling and simulation with MATLAB® and Python /,"Gordon, Steven I.",9781498773874,koha_consulta
Análisis de balances :,"Amat, Oriol",9788417209575,koha_consulta
A MATLAB® companion to complex variables  /,"Wunsch, A. David",9781498755672,koha_consulta
Termodinámica /,"Çengel, Yunus A.",9781456269784,koha_consulta
Digital image processing :,"Gonzalez, Rafael C.",9780130085191,koha_consulta
Sears y Zemansky Física universitaria :,"Young, Hugh D.",9786074422887,koha_consulta
Gestión visual de proyectos :,"Teixidó, Jordi",9788416904808,koha_consulta
Anatomía humana :,"Latarjet, Michel",9789500695879,koha_consulta
Claves del lean management en tiempos de máxima competitividad :,"Cuatrecasas, Lluís",9788416583034,koha_consulta
Gestión de proyectos :,"Klastorin, T.",9788496998124,koha_consulta
Big data con Python :,"Caballero Roldán, Rafael",9788494897207,koha_consulta
R en profundidad :,"Marqués Asensio, Felicidad",9786076229736,koha_consulta
Cálculo :,"Stewart, James",9786075265483,koha_consulta
Física :,"Serway, Raymond A.",9786075266701,koha_consulta
Física :,"Serway, Raymond A.",9786075266695,koha_consulta
Prometheus Atlas de anatomía /,"Gilroy, Anne M.",9788498357080,koha_consulta
Química /,"Chang, Raymond",9786071513939,koha_consulta
Simulación :,"Coss Bu, Raúl",9789681815066,koha_consulta
Bioestadística :,"Daniel, Wayne W.",9789681861643,koha_consulta
Metodologías avanzadas para la planificación y mejora :,"Membrado Martínez, Joaquín",9788479788193,koha_consulta
Ingeniería de procesos y de planta :,"Cuatrecasas, Lluís",9788416904006,koha_consulta
Sears y Zemansky Física :,"Young, Hugh D.",9786073223423,koha_consulta
"Manufactura, ingeniería y tecnología :","Kalpakjian, Serope",9786073227353,koha_consulta
Como programar en C++ /,"Deitel, Paul J.",9786073227391,koha_consulta
Anatomía humana :,"Rouvière, H.",9788445808054,koha_consulta
Anatomía humana :,"Rouvière, H.",9788445808061,koha_consulta
Anatomía humana :,"Rouvière, H.",9788445808047,koha_consulta
The C++  programming language / ,"Stroustrup, Bjarne",9780321563842,koha_consulta
Python programming: ,"Zelle, John M.",9781590282755,koha_consulta
Bad to the bone: ,"Barrett, Steven F.",9781627055116,koha_consulta
Encyclopedia of electronic components: ,"Platt, Charles",9781449333898,koha_consulta
Encyclopedia of electronic components: ,"Platt, Charles",9781449334185,koha_consulta
Electricidad y automatismos eléctricos /,"Escobar, Miquel",9786075380575,koha_consulta
Bioingeniería / ,"Terán Pérez, David Moisés",9786076228005,koha_consulta
Necesario pero no suficiente /,"Goldratt, Eliyahu M.",9789506415426,koha_consulta
Métodos numéricos para ingenieros / ,"Chapra, Steven C., ",9786071512949,koha_consulta
Máquinas eléctricas /,"Chapman, Stephen J.",9786071507242,koha_consulta
The art of electronics /,"Horowitz, Paul,",9780521809269,koha_consulta
El capital. Crítica de la economía política: ,"Marx, Karl,",9788420674261,koha_consulta
Flujo de fluidos e intercambio de calor /,"Levenspiel, Octave",9788429179682,koha_consulta
Programación de sistemas embebidos en C:,"Galeano, Gustavo",9789586827706,koha_consulta
Lecciones de álgebra y geometría analítica :,"Masco de Nasini, Ada E.",9789500182003,koha_consulta
Elementos de cálculo diferencial e integral: cálculo diferencial.,"Sadosky, Manuel",9789505530014,koha_consulta
Calculus :,"Salas, Saturnino L.",9788429151480,koha_consulta
Calculus :,"Salas, Saturnino L.",9788429151473,koha_consulta
Análisis matemático.,"Apostol, Tom M.",9788429150049,koha_consulta
Manual de análisis matemático: :,"Repetto, Celina",9789505371433,koha_consulta
Matemáticas avanzadas para estudiantes de ingeniería /,"Kaplan, Wilfred",9789688580417,koha_consulta
Manual de fórmulas y tablas matemáticas: :,"Spiegel, Murray R.",9789684511248,koha_consulta
Teoría y problemas de análisis de Fourier.,"Spiegel, Murray R.",9789684513167,koha_consulta
Teoría y problemas de variable compleja.,"Spiegel, Murray R.",9789684511033,koha_consulta
"Funciones de variable compleja, cálculo operacional y teoría de la estabilidad.","Krasnov, M. L.",9788429150858,koha_consulta
Fundamentos de álgebra lineal y aplicaciones.,"Florey, Francis G.",9780133449600,koha_consulta
Ecuaciones diferenciales en derivadas parciales: :,"Weinberger, H.F.",9788429151602,koha_consulta
Matemáticas para biólogos /,"Hadeler, K. P.",9788429118285,koha_consulta
Teoría y problemas de probabilidad y estadística.,"Spiegel, Murray R.",9789684511026,koha_consulta
Ejercicios de bioestadística.,"Cuadras, C. M.",9788460007524,koha_consulta
Bioestadística: principios y procedimientos.,"Steel, Robert G. D.",9789684514959,koha_consulta
The fast Fourier transform and its applications.,"Brigham, E. Oran",9780133075052,koha_consulta
Introducción a la estadística matemática.,"Kreyszig, Erwin",9789681807290,koha_consulta
Function analysis.,"Yosida, Kosaku",9783540102106,koha_consulta
Fundamentals of complex analysis: :,"Saff, E. B.",9780133321487,koha_consulta
Introductions to applied mathematics.,"Strang, Gilbert",9780961408800,koha_consulta
Matemáticas para estudiantes de ingeniería y ciencias: :,"Bajpai, A. C.",9789681806330,koha_consulta
Basic complex analysis.,"Marsden, Jerrold E.",9780716718147,koha_consulta
El método de los elementos finitos.,"Zienkiewick, O. C.",9788429148947,koha_consulta
Algebra lineal y sus aplicaciones.,"Strang, Gilbert",9780201072655,koha_consulta
Teoría y problemas de ecuaciones diferenciales.,"Ayres, Frank",9789684511897,koha_consulta
Ordinary differential equations.,"Arnol´d, Vladimir I.",9783540548133,koha_consulta
Existence theorems for ordinary differential equations.,"Murray, Francis J.",9780882753201,koha_consulta
Nonlinear ordinary differential equations.,"Jordán, D. W.",9780198596561,koha_consulta
Ecuaciones diferenciales elementales: :,"Edwards, C. H.",9789688804148,koha_consulta
Introducción a la bioestadística.,"Sokal, Robert R.",9788429118629,koha_consulta
Statiscal functions and formulas :,"Myers, Buddy L.",9780898742862,koha_consulta
Matrix-computer methods in engineering.,"Pipes, Louis A.",9780882755915,koha_consulta
Señales y sistemas lineales.,"Gabel, Robert A.",9789681805401,koha_consulta
An introduction to Lebesgue integration and Fourier series.,"Wilcox, Howard",9780882756141,koha_consulta
Sobolev spaces.,"Adams, Robert A.",9780120441501,koha_consulta
Señales y sistemas: :,"Meade, M. L.",9780201601381,koha_consulta
Matemáticas aplicadas: :,"Arya, Jagdish",9789688802304,koha_consulta
"Histología, citología y microanatomía humanas.","Leonhardt, Helmut",9783133715065,koha_consulta
Histología :,"Weiss, Leon",9789500202053,koha_consulta
Anatomía esencial :,"Lumley, J.S.P.",9788434519084,koha_consulta
Cálculo superior.,"Spiegel, Murray R.",9789701000656,koha_consulta
Atlas fotográfico de anatomía humana: :,"Rohen, Johannes W.",9788475920047,koha_consulta
Atlas fotográfico de anatomía humana: :,"Rohen, Johannes W.",9788475920054,koha_consulta
Estadística.,"Spiegel, Murray R.",9788476155622,koha_consulta
Probabilidad y estadística.,"Degroot, Morris H.",9780201644050,koha_consulta
"Signals, systems, and transforms.","Jackson, Leland B.",9780201095890,koha_consulta
Membrane structure and function.,"Bittar, E. Edward",9780471038160,koha_consulta
Genética general.,"Srb, Adrian M.",9788428201575,koha_consulta
Citogenética humana: fundamentos y aplicaciones clínicas.,"Salamanca Gomez, Fabio",9789687157375,koha_consulta
Teoría y problemas de genética.,"Stansfield, William D.",9789684515178,koha_consulta
Anatomía :,"Bouchet, Alain",9789500601467,koha_consulta
Anatomía :,"Bouchet, Alain",9789500601498,koha_consulta
Anatomía :,"Bouchet, Alain",9789500601474,koha_consulta
Anatomía :,"Bouchet, Alain",9789500601481,koha_consulta
Anatomía :,"Bouchet, Alain",9789500601504,koha_consulta
Anatomía :,"Bouchet, Alain",9789500601511,koha_consulta
Atlas color de histología.,"Geneser, Finn",9789500608480,koha_consulta
Sobotta-Hammersen: Histología :,"Hammersen, Frithjof",9788434521353,koha_consulta
Embriología.,"Narbaitz, Roberto",9789500615013,koha_consulta
Neuroanatomía clínica.,"Snell, Richard S.",9789500619547,koha_consulta
Hidrología aplicada.,"Chow, Ven Te",9789586001717,koha_consulta
Química: :,"Sienko, Michell J.",9788403202078,koha_consulta
Fisicoquímica para biólogos :,"Morris, J. Gareth",9788429118025,koha_consulta
Formulación y nomenclatura química inorgánica.,"Peterson, W.R.",9788485257041,koha_consulta
Química inorgánica moderna.,"Liptrot, Geoffrey F.",9789682604744,koha_consulta
CRC Handbook of chemistry and physics.,"Weast, Robert C.",9780849307409,koha_consulta
Física: :,"Alonso, Marcelo",9780201002799,koha_consulta
Química orgánica moderna :,"Wu, C.N.",9789682604232,koha_consulta
Química orgánica moderna :,"Wu, C.N.",9789682604263,koha_consulta
Química orgánica :,"Allinger, Norman L.",9788429170160,koha_consulta
Química orgánica :,"Allinger, Norman L.",9788429170177,koha_consulta
Física: :,"Bueche, Frederick J.",9789684512290,koha_consulta
Física para estudiantes de ciencias e ingeniería :,"Bueche, Frederick J.",9789686046380,koha_consulta
Física: :,"Gettys, W. Edward",9788476156353,koha_consulta
Física.,"Sears, Francis W.",9788403202603,koha_consulta
Física universitaria.,"Sears, Francis W.",9789688580776,koha_consulta
Light scattering in magnetic solids.,"Cottam, Michael G.",9780471817017,koha_consulta
Teoría y problemas de electromagnetismo.,"Edminister, Joseph A.",9789684510043,koha_consulta
Fundamentos de electricidad y magnetismo.,"Kip, Arthur F.",9789684510951,koha_consulta
Electricidad y magnetismo.,"Purcell, Edward M.",9788429143195,koha_consulta
Física general.,"Schaum, Daniel",9789684229273,koha_consulta
Física: :,"Alonso, Marcelo",9780201002805,koha_consulta
Física :,"Alonso, Marcelo",9789686630039,koha_consulta
Conceptos de física moderna.,"Beiser, Arthur",9789684512351,koha_consulta
Fundamentos de física moderna.,"Eisberg, Robert Martin",9789681804183,koha_consulta
Metrología.,"González González, Carlos",9789701003701,koha_consulta
Física moderna.,"Tipler, Paul A.",9788429141863,koha_consulta
Introduction to special relativity.,"Schwartz, Herman M.",9780882754789,koha_consulta
Mecánica de fluídos.,"Shames, Irving H.",9789586002462,koha_consulta
Mecánica de fluídos.,"White, Frank M.",9789684515819,koha_consulta
Mecánica de fluidos y máquinas hidráulicas.,"Mataix, Claudio",9789686034295,koha_consulta
Mecánica de fluidos y máquinas hidráulicas.,"Mataix, Claudio",9780063155909,koha_consulta
Waves in fluids.,"Lighthill, James",9780521292337,koha_consulta
Problemas de termodinámica.,Diez García,9789509088115,koha_consulta
Termodinámica.,"Faires, Virgil Moring",9789681839437,koha_consulta
Elements of classical thermodynamics :,"Pippard, A.B.",9780521091015,koha_consulta
Termodinámica.,"Granet, Irving",9789688801215,koha_consulta
Biofísica.,"Frumento, Antonio Sadi",9788481740738,koha_consulta
Introducción a la mecánica de fluidos.,"Fox, Robert W.",9789701006696,koha_consulta
Física :,"Strother, G.K.",9780070919891,koha_consulta
Circulatory system dynamics.,"Noordergraaf, Abraham",9780125209502,koha_consulta
Engineering contributions to biophysical electrocardiography.,"Pilkington, Theo C.",9780879421632,koha_consulta
CRC Handbook of medical physics: :,"Waggener, Robert G.",9780849305276,koha_consulta
Best y Taylor Bases fisiológicas de la práctica médica.,"West, John B.",9789500601894,koha_consulta
Fisiología.,"Selkurt, Ewald E.",9789500201889,koha_consulta
Fisiología médica.,"Ganong, William F.",9789684263826,koha_consulta
Fisiología.,"Berne, Robert M.",9789500601870,koha_consulta
Fisiología humana de Bernardo Houssay :,"Cingolani, Horacio E.",9789500202657,koha_consulta
Fisiología humana de Bernardo Houssay :,"Cingolani, Horacio E.",9789500202664,koha_consulta
Fisiología humana de Bernardo Houssay :,"Cingolani, Horacio E.",9789500202671,koha_consulta
Fisiología humana :,"Cingolani, Horacio E.",9789500202688,koha_consulta
Cibernética del cerebro.,"Lara y Zavala, Rolando",9789682607202,koha_consulta
Understanding nervous system :,"Deutsch, Sid",9780879422967,koha_consulta
Vision :,"Marr, David",9780716715672,koha_consulta
Neurofisiología.,"Somjen, George G.",9789500619721,koha_consulta
Anatomía y fisiología del sistema nervioso :,"Guyton, Arthur C.",9789500608718,koha_consulta
The adrenal cortex.,"Vinson, Gavin P.",9780133951530,koha_consulta
Principles of neural science.,"Kandel, Eric R.",9780444009449,koha_consulta
Cuadernos de fisología articular :,"Kapandji, I.A.",9788431101596,koha_consulta
Cuadernos de fisiología articular :,"Kapandji, I.A.",9788431104375,koha_consulta
Cuadernos de fisiología articular :,"Kapandji, I.A.",9788431101527,koha_consulta
Goodman y Gilman Las bases farmacológicas de la terapéutica.,"Goodman Gilman, Alfred",9789687157146,koha_consulta
Physiology of the heart.,"Katz, Arnold M.",9780881678383,koha_consulta
Respiratory therapy equipment.,"McPherson, Steven P.",9780801633416,koha_consulta
Terapéutica respiratoria: :,"Glover, Dennis W.",9789684262058,koha_consulta
Métodos numéricos aplicados con software.,"Nakamura, Shoichiro",9789688802632,koha_consulta
Delphi 2 a fondo.,"Arboles, Sergio",9788489700123,koha_consulta
Delphi 2.0.,"Dubois, Ludovic",9788480881333,koha_consulta
Fundamentos de bases de datos.,"Korth, Henry F.",9788448100797,koha_consulta
Brain browser :,"Bloom, Floyd E.",9780121072407,koha_consulta
Programación en Delphi.,"Cornell, Gary",9788448103392,koha_consulta
Cálculo vectorial.,"Marsden, Jerrold E.",9789684442764,koha_consulta
Probabilidad  y aplicaciones estadísticas.,"Meyer, Paul L.",9780201518771,koha_consulta
Programación en turbo Pascal :,"Joyanes Aguilar, Luis",9788448101275,koha_consulta
Enciclopedia de AutoCad 11.,"Cogollor Gómez, José Luis",9788478970544,koha_consulta
AutoCad avanzado :,"López Fernandez, Javier",9788448100810,koha_consulta
Neural networks and fuzzy systems :,"Kosko, Bart",9780136114352,koha_consulta
Sistemas expertos :,"Nebendahl, Dieter",9788426707680,koha_consulta
Techniques de la robotique :,"Boissonnat, Jean-Daniel",9782866011239,koha_consulta
Techniques de la robotique :,"Boissonnat, Jean-Daniel",9782866011512,koha_consulta
Introduction to robotics :,"Craig, John J.",9780201095289,koha_consulta
Manual de análisis matemático: :,"Repetto, Celina",9789505374120,koha_consulta
Compiladores :,"Aho, Alfred V.",9780201629033,koha_consulta
The biomedical engineering handbook /,"Bronzino, Joseph D.",9780849383465,koha_consulta
Introducción a la bioingeniería.,"Mompín Poblet, José",9788426706805,koha_consulta
Open systems in medicine.,"Fleck, E.",9789051991239,koha_consulta
Medical and biological engineering in the future of health care.,"Andrade, J.D.",9780874804546,koha_consulta
Biomedical engineering and instrumentation :,"Bronzino, Joseph D.",9780534064921,koha_consulta
Biomedical instrumentation and measurements.,"Cromwell, Leslie",9780130764485,koha_consulta
Instrumentación y medidas biomédicas.,"Cromwell, Leslie",9788426703996,koha_consulta
Física e instrumentación medicas :,"Zaragoza, Juan R.",9788445800171,koha_consulta
Computers in biomedicine :,"Held, K. D.",9781853121487,koha_consulta
Computer simulations in biomedicine.,"Power, H.",9781853123214,koha_consulta
Basic biomechanics of the musculoskeletal system.,"Nordin, Margareta",9780812112276,koha_consulta
Biomechanical basics of human movement.,"Hamill, Joseph",9780683038637,koha_consulta
Biomechanics and exercise physiology.,"Johnson, Arthur",9780471853985,koha_consulta
Biomecánica práctica en ortopedia.,"Radin, Eric L.",9789681813031,koha_consulta
Biomechanics: principles and applications.,"Huiskes, Rik",9789024730476,koha_consulta
Biomechanics and motor control of human movement.,"Winter, David A.",9780471509080,koha_consulta
Microsensors.,"Muller, Richard S.",9780879422455,koha_consulta
Sensores y analizadores.,"Norton, Harry N.",9788425211935,koha_consulta
Handbook of electromedicine :,"Pätzold, Johannes",9780471904076,koha_consulta
Transductores y acondicionadores de señal.,"Pallás Areny, Ramón",9788426707642,koha_consulta
Electrical safety in health care facilities.,"Roth, Herbert H.",9780125990509,koha_consulta
Electromedicina.,"Del Aguila, Carlos",9789505281138,koha_consulta
Cardiac imaging and image processing.,"Collins, Steve M.",9780070579125,koha_consulta
Processamento digital de imagens.,"Mascarenhas, Nelson D. A.",9789501398724,koha_consulta
Imaging systems for medical diagnostics :,"Krestel, Erich",9783800915644,koha_consulta
"Anatomía descriptiva, topográfica y funcional :","Bouchet, Alain",9789500601450,koha_consulta
Imagenología médica / ,"Valdés Cristerna, Raquel",9789706205988,koha_consulta
Computer tomography: :,"Alexander, Joachim",9783800914531,koha_consulta
Bases físicas de la IRM.,"Desgrez, A.",9788431105617,koha_consulta
Técnica radiológica :,"Meschan, Isadore",9789500614276,koha_consulta
Radiología :,"Rodríguez Ballester, Juan Melchor",9789502302577,koha_consulta
Radiology of the emergency patient :,"Greenbaum, Edward I.",9780471085621,koha_consulta
Roentgenología clínica del pie.,"Gamble, Felton O.",9780882758640,koha_consulta
A non-mathematical approach to basic MRI.,"Smith, Hans-Jörgen",9780944838020,koha_consulta
Processes for major addition-type plastics and their monomers.,"Albright, Lyle F.",9780898740745,koha_consulta
Techniques of biocompatibility testing.,"Williams, David F.",9780849366154,koha_consulta
Natural and living biomaterials.,"Hastings, Garth W.",9780849362644,koha_consulta
CRC Handbook of bioactive ceramics.,"Yamamuro, Takao",9780849332418,koha_consulta
Implant materials in biofunction :,"De Putter, C.",9780444430274,koha_consulta
Clinical implant materials :,"Heimke, G.",9780444882264,koha_consulta
Blood compatible materials and devices :,"Sharma, Chandra P.",9780877627333,koha_consulta
Introduction to materials science.,"Ruoff, Arthur L.",9780882759609,koha_consulta
Biomaterials :,"Park, Joon Bu",9780306401039,koha_consulta
Elements of materials science and engineering.,"Van Vlack, Lawrence H.",9780201093148,koha_consulta
Surface characterization of biomaterials :,"Ratner, B.D.",9780444430168,koha_consulta
Fisiología del deporte.,"Bowers, Richard W.",9789687157948,koha_consulta
Aprendiendo Delphi 2 en 21 días.,"Osier, Dan",9789688806463,koha_consulta
Señales y sistemas.,"Oppenheim, Alan V.",9789701701164,koha_consulta
Digesto de leyes nacionales y provinciales de la República Argentina sobre VIH/SIDA.,"Vazquez Acuña, Martín E.",9789507100536,koha_consulta
Instalaciones eléctricas :,"Seip, Günter G.",9783800915446,koha_consulta
Manual de baja tensión :,"Schmelcher, Theodor",9783800913978,koha_consulta
Manual de luminotecnia.,"Taboada, J.A.",9788423704446,koha_consulta
Manual de cálculo de :,"Quadri, Néstor Pedro",9789505530311,koha_consulta
Instalaciones  eléctricas y su mantenimiento :,"Calloni, Juan Carlos",9789505530137,koha_consulta
Terapeútica por el ejercicio.,"Basmajian, John V.",9789500601757,koha_consulta
Iluminación natural.,"Savioli, Carlos U.",9789505530397,koha_consulta
Circuitos eléctricos.,"Cornejo, Juan Manuel",9789706206015,koha_consulta
Fundamentos de ingeniería eléctrica.,"Fitzgerald, A. E.",9780070909113,koha_consulta
Sistemas realimentados de control :,"D'Azzo, John J.",842830301,koha_consulta
Procesamiento digital de señales /,"Aljama Corrales, Tomás",9789706200563,koha_consulta
An introduction to the theory of random signals and noise.,"Davenport, Wilbur B.",9780879422356,koha_consulta
Theory and application of digital signal processing.,"Rabiner, Lawrence R.",9780139141010,koha_consulta
Kalman filtering:theory and application.,"Sorenson, Harold W.",9780879421915,koha_consulta
Biomedical signal processing :,"Cohen, Arnon",9780849359330,koha_consulta
Biomedical signal processing :,"Cohen, Arnon",9780849359347,koha_consulta
Introduction to digital signal processing.,"Kuc, Roman",9780070355705,koha_consulta
Theory and design of linear active networks.,"Natajaran, Sundaram",9780029497302,koha_consulta
Adaptive signal processing.,"Sibul, Leon H.",9780879422240,koha_consulta
Analog and digital filters:design and realization.,"Lam, Harry F-Y.",9780130327550,koha_consulta
Digital signal processing in VLSI.,"Higgins, Richard J.",9780132128872,koha_consulta
Digital signal processing laboratory using the ADSP-2101 microcomputer.,"Ingle, Vinay K.",9780132181815,koha_consulta
Digital signal processing applications using the ADSP-2100 family :,"Mar, David",9780132197267,koha_consulta
Termodinámica técnica.,"García, Carlos A.",9789505530106,koha_consulta
Electrónica analógica :,"Cuesta García, Luis Miguel",9788476156643,koha_consulta
Farmacocinética clínica.,"Wagner, John G.",9788429156027,koha_consulta
Electrónica digital integrada.,"Taub, Herbert",9788426703859,koha_consulta
Circuitos digitales y microprocesadores.,"Taub, Herbert",9789684513792,koha_consulta
Sistemas electrónicos digitales.,"Mandado, Enrique",9788426705532,koha_consulta
Sistemas y circuitos :,"Papoulis, Athanasios",9788426707369,koha_consulta
Planificación y producción de materiales audiovisuales.,"Kemp, Jerrold E.",9789686062403,koha_consulta
Color television.,"Rzeszewski, Ted",9780879421687,koha_consulta
Conductores de fibras ópticas :,"Mahlke, Günther",9788426706638,koha_consulta
Instrumentación industrial.,"Creus Solé, Antonio",9788426703545,koha_consulta
Instrumentación electrónica.,"Mandado Pérez, Enrique",9788426710116,koha_consulta
Instrumentación electrónica moderna y técnicas de medición.,"Helfrick, Albert D.",9789688802366,koha_consulta
Lin 1 :,"Gabner, E.",9783881090360,koha_consulta
Lin 2 :,"Gabner, E.",9783881090391,koha_consulta
Interferencias electromagnéticas en sistemas electrónicos.,"Balcells, Josep",9788426708410,koha_consulta
Introduction to semiconductor physics.,"Adler, R.B.",9780471008873,koha_consulta
"Electrónica fundamental:dispositivos, circuitos y sistemas.","Cirovic, Michael M.",9788429130140,koha_consulta
Principios de Electrónica.,"Malvino, Albert Paul",9788448119997,koha_consulta
Electrónica integrada :,"Millman, Jacob",9788425504327,koha_consulta
"Transformaciones del sector salud en la Argentina estructura, proceso y tendencias de la reforma del sector entre 1990 y 1997.","[Guerrero Espinel], [Eduardo]",9789507100604,koha_consulta
The Siemens Company :,"Weiher, Sigfrid von",9783800913909,koha_consulta
Fisiología del sistema nervioso.,"Pazo, Jorge H.",9789504303480,koha_consulta
Bases de inmunología.,"Nota, Nora Ruth",9789505051502,koha_consulta
Manual de química fisiológica.,"Harper, Harold A.",9789684261297,koha_consulta
Tratado de microbiología.,"Davis, Bernard D.",9788434510289,koha_consulta
Histología.,"Weiss, Leon",9788470210563,koha_consulta
Resistencia de materiales.,"Ortiz Berrocal, Luis",9788476155127,koha_consulta
Materiales y procesos de manufactura para ingenieros.,"Doyle, Lawrence E.",9789688801185,koha_consulta
Ensayo de los materiales.,"Helfgot, Aarón",9788449930089,koha_consulta
Introducción a la estática y resistencia de materiales.,"Raffo, César M.",9789505530199,koha_consulta
Materiales y procesos de fabricación :,"Moore, Harry D.",9789681819736,koha_consulta
Laboratorio de ensayos industriales :,"Gonzalez Arias, Antonio",9789509057029,koha_consulta
Mecánica de materiales.,"Beer, Ferdinand P.",9789586001274,koha_consulta
Diseño en ingeniería mecánica.,"Shigley, Joseph Edward",9789684227781,koha_consulta
Diseño de estructuras resistentes a sismos.,"Rosenblueth, Emilio",9789684640665,koha_consulta
Diseño de vigas de concreto presforzado.,"Branson, Dan E.",9789684640597,koha_consulta
Mécanica de sólidos.,"Lardner, T.J.",9789701010235,koha_consulta
Curso de mecánica técnica y mecanismos :,"Facorro Ruiz, Lorenzo A.",9789509000032,koha_consulta
Teoría de máquinas y mecanismos.,"Shigley, Joseph Edward",9789684512979,koha_consulta
El auxiliar del conductor de obras.,"Vazquez Cabanillas, Carlos E.",9789874308719,koha_consulta
Diseño de elementos de máquinas.,"Faires, Virgil Moring",9788427403062,koha_consulta
Tecnología mecanica :,"Pezzano, Pascual A.",9789505530182,koha_consulta
Mechanism.,"Faires, Virgil Moring",9780898741827,koha_consulta
Composite construction methods.,"Cook, John P.",9780898747607,koha_consulta
Máquinas :,"Casillas, A.L.",9788440072160,koha_consulta
Planificación y análisis de la calidad.,"Juran, J.M.",9788429126532,koha_consulta
Manual de control de la calidad.,"Juran, J.M.",9788429126525,koha_consulta
Información y cambio en la empresa.,"Lesca, Humbert",9788486703806,koha_consulta
CIM :,"Baumgarther, Horst",9788426708199,koha_consulta
Organization theory :,"Osborn, Richard N.",9780898747386,koha_consulta
La apropiación del saber.,"Cavallari, Juan José",9789507930072,koha_consulta
"Planificación, organización y gestión de proyectos.","Drudis, Antonio",9788486703875,koha_consulta
Ingeniería económica.,"Blank, Leland T.",9789701000762,koha_consulta
Control de procesos industriales :,"Creus Solé, Antonio",9788426707130,koha_consulta
Simulación de procesos con PC.,"Creus Solé, Antonio",9788426707307,koha_consulta
Nuevas técnicas de gestión de stocks: MRP y JIT.,"Companys Pascual, Ramón",9788426707291,koha_consulta
Redes locales en la industria.,"Carracedo Gallardo, Justo",9788426706867,koha_consulta
Pedagogía y didáctica de la enseñanza universitaria.,"Beard, Ruth",9788428102681,koha_consulta
Practical nuclear medicine.,"Ashkar, Fuad S.",9780846301264,koha_consulta
Radioisotopes.,"Billington, D.",9781872748856,koha_consulta
Introducción a la Química Inorgánica.,"Valenzuela Calahorro, Cristóbal",9788448124823,koha_consulta
Residuos radiactivos.,"Funes, Amílcar",9789509040229,koha_consulta
Radiation protection :,"Shapiro, Jacob",9780674745865,koha_consulta
Tratamiento digital de la señal :,"Mariño Acebal, José B.",9789701504499,koha_consulta
Análisis dinámico de sistemas mecánicos.,"Chiang S., Luciano",9789701504284,koha_consulta
Problemas resueltos de mecánica clásica.,"Benguria D., Rafael",9789701504260,koha_consulta
Mecánica vectorial para ingenieros :,"Beer, Ferdinand P.",9788448120078,koha_consulta
Ergonomía 1 :,"Mondelo, Pedro",9789701502952,koha_consulta
La verdad sobre la droga :,"Nowlis, Helen",9789233012318,koha_consulta
Aprendiendo Borland C++Builder 3 :,"Reisdorph, Kent",9789701702031,koha_consulta
Planificación y programación de la producción.,"Companys Pascual, Ramón",9788426707321,koha_consulta
La quinta disciplina :,"Senge, Peter M.",9788475773513,koha_consulta
La fábrica flexible.,"Ferré Masip, Rafael",9788426706850,koha_consulta
La formación permanente en la empresa.,"Castanyer Figueras, Francesc",9788426706935,koha_consulta
Planificación y rentabilidad de proyectos industriales.,"Companys Pascual, Ramón",9788426707178,koha_consulta
La innovación tecnológica y su gestión.,"Ruiz González, Manuel",9788426707338,koha_consulta
Optimización industrial (I): distribución de los recursos.,"Arbones Malisani, Eduardo A.",9788426707390,koha_consulta
Fundamentos de dibujo en ingeniería :,"Luzadder, Warren J.",9789688803820,koha_consulta
Didáctica del estudio y las técnicas de trabajo intelectual.,"Pallarés Molíns, Enrique",9788427114807,koha_consulta
Estudio dirigido :,"Perez Taboada de Tappata, Nilda",9789501630374,koha_consulta
Del estudio dirigido al estudio autónomo :,"Perez Alvarez, Sergio",9789509095328,koha_consulta
"Democracia, Estado y Desigualdad.","Lozano, Claudio",9789502310916,koha_consulta
Sistema de proyectos de extensión :,"Menéndez, Gustavo",9789506980535,koha_consulta
Guía práctica para la investigación y redacción de informes.,"Acosta Hoyos, Luis Eduardo",9789501220841,koha_consulta
Educados para competir :,"Ferraro, Ricardo A.",9789500709996,koha_consulta
Comunicación y educación :,"Quiróz, María Teresa",9789506980115,koha_consulta
Hacia una pedagogía crítica de la formación de la identidad posmoderna :,"McLaren, Peter",9789506980009,koha_consulta
Una pedagogía de la renuncia :,"Kaufmann, Carolina",9789506980467,koha_consulta
Informática y educación :,"Hawkridge, David",9789501361278,koha_consulta
Alteraciones del aprendizaje escolar :,"Azcoaga, Juan E.",9789501243062,koha_consulta
Docente y programa lo institucional y lo didáctico.,"Díaz Barriga, Ángel",9789507012471,koha_consulta
F.E.S.S. endoscopic diagnosis and surgery of the paranasal sinuses and anterior skull base.,"Stammberger, Heinz",9783897560147,koha_consulta
Tecnología industrial I 1º bachillerato.,"Silva Rodríguez, Francisco",9788448104443,koha_consulta
Metodología de la evaluación de programas:un enfoque práctico.,"Alvira Martín, Francisco",9789507246036,koha_consulta
Curriculum y programación educacional.,"Galli, Amanda",9789507100246,koha_consulta
Estrategias de enseñanza.,"Castro, Claudia",9789507100260,koha_consulta
Exámenes orales y escritos :,"Galli, Amanda",9789507100093,koha_consulta
Evaluación educacional :,"Ferrante, Adela",9789507100093,koha_consulta
"Observación sistemática, encuestas y entrevistas :","Galli, Amanda",9789507100284,koha_consulta
El proceso de enseñanza y aprendizaje.,"Kancepolski, Jorge",9789507100239,koha_consulta
Universidad y salud integración docente-asistencial.,"Galli, Amanda",9789507100192,koha_consulta
Calidad y cooperación internacional en la educación superior de América Latina y el Caribe :,"Pallán Figueroa, Carlos",9789806401051,koha_consulta
Educación superior con miras al siglo XXI :,"Tellería-Geiger, José L.",9789806401075,koha_consulta
Introducción a la biomecánica.,"Hainaut, Karl",9788470921353,koha_consulta
Ingeniería económica.,"Thuesen, H.G.",9789688800201,koha_consulta
La telemedicina :,"Ferrer-Roca, Olga",9788493154257,koha_consulta
Química orgánica.,"Nechamkin, Howard",9789584101327,koha_consulta
Teaching engineering science mathematics :,"Skilling, Hugh Hildreth",9780882754611,koha_consulta
Overcoming constraints on the teaching of biology :,"Meyer, G. Rex",9780958935913,koha_consulta
Curriculum universitario siglo XXI.,"Torres, Carlos",9789506980016,koha_consulta
Cálculo :,"Larson, Ronald E.",9789701027554,koha_consulta
Fundamentos de manufactura moderna :,"Groover, Mikell P.",9789688808467,koha_consulta
Sistemas de control automático.,"Kuo, Benjamin C.",9789688807231,koha_consulta
Diseño digital :,"Wakerly, John F.",9789701704042,koha_consulta
Sensores y acondicionadores de señal.,"Pallás Areny, Ramón",9788426711717,koha_consulta
Renal physiology.,"Vander, Arthur J.",9780070670099,koha_consulta
Continuos and discrete signals and systems.,"Soliman, Samir S.",9780135184738,koha_consulta
The circuits and filters handbook.,"Chen, Wai-Kai",9780849383410,koha_consulta
Análisis vectorial :,"Spiegel, Murray R.",9789701020968,koha_consulta
Textbook of medical physiology.,"Guyton, Arthur C.",9780721686776,koha_consulta
Human physiology and mechanisms of disease.,"Guyton, Arthur C.",9780721632995,koha_consulta
Elementos de derecho civil :,"Cifuentes, Santos",9789505082469,koha_consulta
Telemedicina.,"Ferrer-Roca, Olga",9788479036065,koha_consulta
Programación y diseño en C++ :,"Cohoon, James P.",9788448126827,koha_consulta
Introduction to biomedical equipment technology.,"Carr, Joseph J.",9780130104922,koha_consulta
Human body dynamics :,"Tözeren, Aydin",9780387988016,koha_consulta
Administración hospitalaria.,"Malagón-Londoño, Gustavo",9789589181546,koha_consulta
Fetal and neonatal physiology.,"Polin, Richard A.",9780721660172,koha_consulta
Fetal and neonatal physiology.,"Polin, Richard A.",9780721660189,koha_consulta
Wavelets and filter banks.,"Strang, Gilbert",9780961408879,koha_consulta
La fórmula para crecer en el vértigo competitivo.,"Biasca, Rodolfo E.",9789879387115,koha_consulta
Geopolítica e integración: :,"Villarruel, José",9789506980375,koha_consulta
Self-organizing maps.,"Kohonen, Teuvo",9783540679219,koha_consulta
Bioelectric and biomagnetic fields :,"Titomir, Leonid I.",9780849387005,koha_consulta
Modern electronic intrumentation and measurement techniques.,"Helfrick, Albert D.",9780135933855,koha_consulta
Histología:sobre bases biomoleculares.,"Geneser, Finn",9789500608831,koha_consulta
Guía para mediciones electrónicas y prácticas de laboratorio.,"Wolf, Stanley",9789688802243,koha_consulta
Introducción a la ingeniería y al diseño en la ingeniería.,"Krick, Edward V.",9789681801762,koha_consulta
Nonlinear systems.,"Drazin, P.G.",9780521406680,koha_consulta
Infecciones hospitalarias.,"Malagón-Londoño, Gustavo",9789589181430,koha_consulta
Materiales dentales.,"Macchi, Ricardo Luis",9789500615648,koha_consulta
Ejercicios de tratamiento de la señal :,"Burrus, C. Sidney",9788489660687,koha_consulta
Goodman & Gilman Las bases farmacológicas de la terapéutica :,"Hardman, Joel G.",9789701011348,koha_consulta
Goodman & Gilman Las bases farmacológicas de la terapéutica :,"Hardman, Joel G.",9789701011331,koha_consulta
Matemáticas avanzadas para ingeniería :,"Kreyszig, Erwin",9789681853105,koha_consulta
Matemáticas avanzadas para ingeniería :,"Kreyszig, Erwin",9789681853112,koha_consulta
Fundamentos de robótica.,"Barrientos, Antonio",9788448108151,koha_consulta
Optics and vision.,"Pedrotti, Leno S.",9780132422239,koha_consulta
Química orgánica :,"Graham Solomons, T. W.",9789681845605,koha_consulta
Física para la ciencia y la tecnología :,"Tipler, Paul A.",9788429143812,koha_consulta
Física :,"Tipler, Paul A.",9788429143751,koha_consulta
Física :,"Tipler, Paul A.",9788429143768,koha_consulta
Física  :,"Hecht, Eugene",9789687529882,koha_consulta
Teoría y problemas de probabilidad y estadística.,"Spiegel, Murray R.",9780071350044,koha_consulta
Matemáticas avanzadas para ingeniería y ciencias.,"Spiegel, Murray R.",9789701029855,koha_consulta
Microcontroladores PIC :,"Cuenca, Eugenio Martín",9788428323710,koha_consulta
Introducción a la mecánica de fluídos.,"Fernández Larrañaga, Bonifacio",9789701504314,koha_consulta
Problemas de circuitos y sistemas digitales.,"Baena Oliva, Carmen",9788448109660,koha_consulta
Probabilidad y estadística aplicadas a la ingeniería.,"Montgomery, Douglas C.",9789701010174,koha_consulta
Electrónica digital y microprogramable.,"Gil Padilla, Antonio J.",9788448109271,koha_consulta
AutoCAD 2000 avanzado.,"López Fernández, Javier",9788448124304,koha_consulta
Electrónica analógica.,"Olvera Peralta, Santiago",9788428325905,koha_consulta
Prácticas de electrónica.,"Zbar, Paul B.",9789701506769,koha_consulta
Programación en C++ :,"Joyanes Aguilar, Luis",9788448124878,koha_consulta
Microprocesadores y microcontroladores aplicados a la industria.,"Torres Portero, Manuel",9788428316507,koha_consulta
Microcontroladores PiC.,"Tavernier, Christian",9788428323734,koha_consulta
La química orgánica a través de ejercicios y problemas.,"Geissman, T.A.",9788420003757,koha_consulta
Control de procesos industriales :,"Creus Solé, Antonio",9789701504697,koha_consulta
Física moderna.,"Gautreau, Ronald",9789701032022,koha_consulta
Algebra lineal con aplicaciones.,"Nakos, George",9789687529868,koha_consulta
Curso de química COU.,"Alonso García, Pablo",9788448118631,koha_consulta
Redes de comunicación :,"León-García, Alberto",9788448131975,koha_consulta
Diseño y análisis de experimentos.,"Montgomery, Douglas C.",9789687270609,koha_consulta
Introducción a las señales y los sistemas.,"Lindner, Douglas K.",9789803730499,koha_consulta
Introducción a señales y sistemas.,"Kamen, Edward W.",9789682612596,koha_consulta
Análisis de señales.,"Irarrázaval, Pablo",9789562780797,koha_consulta
C++ para ingeniería y ciencias.,"Bronson, Gary J.",9789687529875,koha_consulta
Borland C++ Builder.,"Leblanc, Gérard",9788480881845,koha_consulta
Ecuaciones diferenciales :,"Borrelli, Robert L.",9789706136114,koha_consulta
Introducción a la programación y a las estructuras de datos.,"Braunstein, Silvia L.",9789502306148,koha_consulta
Organización base cero :,"Palom Izquierdo, Francisco Javier",9788475774749,koha_consulta
Instalaciones sanitarias y contra incendios en edificios.,"Diaz Dorado, M.D.",9789505624881,koha_consulta
Estructuras de datos.,"Cairó, Osvaldo",9789701035344,koha_consulta
A first course in discrete mathematics.,"Anderson, Ian",9781852332365,koha_consulta
Mathematical foundations of elasticity.,"Marsden, Jerrold E.",9780486678658,koha_consulta
Introduction to partial differential equations with applications.,"Zachmanoglou, E.C.",9780486652511,koha_consulta
Fundamentos teórico-prácticos de nutrición y dietética.,"Martínez, J. Alfredo",9788448602079,koha_consulta
Fisiología humana.,"Fernández-Tresguerres, Jesús Ángel",9788448602376,koha_consulta
Foundations of time-frequency analysis.,"Gröchenig, Karlheinz",9780817640224,koha_consulta
Circuitos electrónicos :,"Schilling, Donald L.",9788448100827,koha_consulta
Numerical optimization :,"Bonnans, J.Fréderic",9783540001911,koha_consulta
Química orgánica /,"Morrison, Robert Thornton",9789684443402,koha_consulta
Mecánica de fluídos.,"Williams, J.",9789681801755,koha_consulta
Responsabilidad civil de los médicos :,"Lorenzetti, Ricardo Luis",9789507271274,koha_consulta
La empresa médica.,"Lorenzetti, Ricardo Luis",9789507271540,koha_consulta
Responsabilidad de los profesionales.,"Mosset Iturraspe, Jorge",9789507273315,koha_consulta
El derecho de autor en la Argentina :,"Villalba, Carlos A.",9789505275922,koha_consulta
Fórmulas y tablas de matemática aplicada :,"Spiegel, Murray R.",9789701021705,koha_consulta
Computational methods transport phenomena :,"Schiesser, W.E.",9780521556538,koha_consulta
The physiological basis of behaviour :,"Silber, Kevin",9780415186544,koha_consulta
Partial differential equations for scientists and engineers.,"Farlow, Stanley J.",9780486676203,koha_consulta
Learning and physiological regulation.,"Dworkin, Barry R.",9780226176000,koha_consulta
Bioestadística médica.,"Dawson, Beth",9789684269545,koha_consulta
Intelligent signal processing.,"Haykin, Simon",9780780360105,koha_consulta
Introduction to continuum mechanics.,"Lai, W.Michael",9780750628945,koha_consulta
"Microprocesadores y microcontroladores 8085, MCS-51 y ST6.","Angulo Usategui, José María",9788428319850,koha_consulta
Microcontroladores de 4 y 8 bits.,"Tavernier, Christian",9788428324069,koha_consulta
Numerical optimization.,"Nocedal, Jorge",9780387987934,koha_consulta
Adquisición y distribución de señales.,"Pallás Areny, Ramón",9788426709189,koha_consulta
Autonomic nerves :,"Wilson-Pauwels, Linda",9781550090307,koha_consulta
ISO 9000 y la base documental.,"Palom Rico, Santiago",9788475775159,koha_consulta
Programación con C++ Builder 5.,"Charte Ojeda, Francisco",9788441510463,koha_consulta
Manual de laboratorio de fisiología.,"Fernández Garza, Nancy E.",9789701020425,koha_consulta
Circuitos electrónicos :,"Malik, Norberto R.",9788489660038,koha_consulta
Electrónica /,"Hambley, Allan R.",9788420529998,koha_consulta
Diseño y administración de bases de datos /,"Hansen, Gary W.",9788483220023,koha_consulta
Turbo Pascal 6.0 a su alcance.,"Joyanes Aguilar, Luis",9788476158227,koha_consulta
Probabilidad y estadística para ingeniería y ciencias.,"Velasco Sotomayor, Gabriel",9789706861368,koha_consulta
Ecuaciones diferenciales.,"Edwards, C. Henry",9789684444386,koha_consulta
Curso de termodinámica :,"Facorro Ruiz, Lorenzo A.",9789509088818,koha_consulta
Problemas de termodinámica técnica.,"García, Carlos A.",9789505530298,koha_consulta
Variable compleja.,"Spiegel, Murray R.",9789684228832,koha_consulta
Introduction to programming in Java.,"Patterson Hume, J.N.",9780921598398,koha_consulta
Ergonomía 3 :,"Mondelo, Pedro",9789701502983,koha_consulta
Ergonomía 4 :,"Mondelo, Pedro R.",9789701507827,koha_consulta
Mecánica para ingeniería :,"Bedford, Anthony",9789684443983,koha_consulta
Ecuaciones diferenciales.,"Blanchard, Paul",9789687529639,koha_consulta
Medicina nuclear :,"Carrió, Ignasi",9788445812914,koha_consulta
Occupational biomechanics.,"Chaffin, Don B.",9780471246978,koha_consulta
Geometría descriptiva :,"Di Lorenzo, Eduardo O.",9789509088733,koha_consulta
Geometría descriptiva :,"Di Lorenzo, Eduardo O.",9789509088740,koha_consulta
Introducción al análisis matemático: :,"Rabuffetti, Hebe T.",9789500252812,koha_consulta
Fisiología humana de Houssay.,"Cingolani, Horacio E.",9789500203760,koha_consulta
Principios fundamentales de Electrónica.,"Alcalde San Miguel, Pablo",9788428321853,koha_consulta
Bases biológicas y fisiológicas del movimiento humano.,"Guillén del Castillo, Manuel",9788479037055,koha_consulta
La salud pública :,"Malagón-Londoño, Gustavo",9789589181621,koha_consulta
Garantía de calidad en salud.,"Malagón-Londoño, Gustavo",9789589181430,koha_consulta
Promoción de la salud :,"Restrepo, Helena E.",9789589181553,koha_consulta
Dispositivos lógicos programables.,"Mandado, Enrique",9788497320542,koha_consulta
Mecánica de materiales.,"Craig, Roy R.",9789702402558,koha_consulta
Elementos de máquinas.,"Hamrock, Bernard J.",9789701027998,koha_consulta
Manual de construcción de edificios.,"Chudley, Roy",9789688873076,koha_consulta
Radiaciones ionizantes :,"Ortega Aramburu, Xavier",9788483010884,koha_consulta
Señales y sistemas.,"Haykin, Simon",9789681859145,koha_consulta
Design details for health :,"Leibrock, Cynthia A.",9780471241942,koha_consulta
Fundamentos de anatomía :,"Moore, Keith L.",9789500615785,koha_consulta
Hacia los vectores :,"Di Paolo, José",9789506981211,koha_consulta
Radiaciones ionizantes :,"Ortega Aramburu, Xavier",9788483011683,koha_consulta
Como programar en C++ /,"Deitel, Harvey M.",9789702602545,koha_consulta
Medicina nuclear :,"Doménech-Torné, F.M.",9788422407546,koha_consulta
Nuclear medicine technology :,"Shackett, Pete",9780781719810,koha_consulta
Biotratamiento de residuos tóxicos y peligrosos :,"Levin, Morris A.",9788448111304,koha_consulta
Introducción a los mecanismos.,"Carrizosa Segura, León Gerardo",9789701842461,koha_consulta
Seguridad e higiene del trabajo :,"Cortés Díaz, José María",9789701502853,koha_consulta
Hospitales de seguridad social /,"Yañez, Enrique",9789681821203,koha_consulta
Señales y sistemas :,"Soliman, Samir S.",9788483221549,koha_consulta
Understanding the human machine :,"Valentinuzzi, Max E.",9789812560438,koha_consulta
Biología celular y molecular :,"De Robertis, Eduardo M. F.",9789500203845,koha_consulta
Biología celular y molecular /,"Jiménez García, Luis Felipe",9789702603870,koha_consulta
Cómo programar en C++ y Java /,"Deitel, Harvey M.",9789702605317,koha_consulta
Fisiología respiratoria /,"West, John B.",9789500624411,koha_consulta
Inmunología :,"Roitt, Iván M.",9789500618694,koha_consulta
Best & Taylor bases fisiológicas de la práctica médica.,"Dvorkin, Mario A.",9789500602433,koha_consulta
Biología celular y molecular /,"Lodish, Harvey",9789500613743,koha_consulta
Ingeniería de control moderna /,"Ogata, Katsuhiko",9788420536781,koha_consulta
Física I :,"Serway, Raymond A.",9789706863393,koha_consulta
Análisis y diseño orientado a objetos con aplicaciones.,"Booch, Grady",9789684443525,koha_consulta
Diseño en ingeniería mecánica /,"Shigley, Joseph Edward",9789701036464,koha_consulta
Mecánica de materiales /,"Beer, Ferdinand P.",9789701039502,koha_consulta
Ingeniería de sistemas expertos.,"García Martínez, Ramón",9789871104154,koha_consulta
Cálculo multivariable.,"Stewart, James",9789706861238,koha_consulta
Física general /,"Bueche, Frederick J.",9789701034552,koha_consulta
Epidemiología clínica :,"Ruiz Morales, Alvaro",9789589181751,koha_consulta
Dibujo técnico II.,"Etchebarne, Roberto Esteban",9789505060535,koha_consulta
El valor de la vida humana. El valor de la vida humana en el derecho del trabajo /,"Mosset Iturraspe, Jorge",9789507273940,koha_consulta
Economía y salud :,"Lembo, Norberto A.",9789870204213,koha_consulta
Medicina preventiva y salud pública :,"Canela Soler, Jaume",9788445812747,koha_consulta
Introducción al derecho privado.,"Pinese, Graciela Gloria",9789870303206,koha_consulta
Régimen jurídico de los residuos en Argentina.,"Zeballos de Sisto, María Cristina",9789870302926,koha_consulta
Salud para los argentinos :,"González García, Ginés",9789879413265,koha_consulta
Epistemología de la salud :,"Samaja, Juan",9789508921895,koha_consulta
Inteligencia artificial :,"Russell, Stuart",9788420540030,koha_consulta
AutoCAD 2005 avanzado :,"López Fernández, Javier",9788448198138,koha_consulta
Langman Embriología médica :,"Sadler, T.W.",9789500613729,koha_consulta
Química general :,"Petrucci, Ralph H.",9788420537825,koha_consulta
Química general :,"Petrucci, Ralph H.",9788420537832,koha_consulta
Cálculo de una variable :,"Stewart, James",9789706860699,koha_consulta
Economía y salud :,"Gisbert i Gelonch, Ramon",9788445811801,koha_consulta
Casos prácticos y problemas de Fisiología.,"Ortiz Blasco, Juan Miguel",9788477382690,koha_consulta
The measure of man and woman.,"Tilley, Alvin R.",9780471099550,koha_consulta
Actualizaciones en didáctica de las ciencias naturales y las matemáticas.,"Adúriz-Bravo, Agustín",9789582006785,koha_consulta
Shaum's outline of theory and problems of human anatomy and physiology.,"Van De Graaff, Kent M.",9780070668874,koha_consulta
Neuroprosthetics :,"Horch, Kenneth W.",9789812380227,koha_consulta
Automatización y control prácticas de laboratorio.,"Dorantes González, Dante Jorge",9789701047941,koha_consulta
Cuestiones y ejercicios de química orgánica :,"Quiñoa Cabana, Emilio",9788448140151,koha_consulta
Introducción a las señales y los sistemas discretos.,"Milone, Diego Humberto",9789506981730,koha_consulta
Instalaciones eléctricas.,"Sobrevila, Marcelo Antonio",9789505531103,koha_consulta
Preparación y evaluación de proyectos.,"Sapag Chaín, Nassir",9789701042489,koha_consulta
Ergonomía cognitiva :,"Cañas, José J.",9788479035976,koha_consulta
Ejercicios de dibujo técnico :,"Cobos Gutiérrez, Carlos",9789701504871,koha_consulta
Manual de gerenciamiento en empresas de salud.,"Daccordi, Horacio A.",9789701509166,koha_consulta
Física cuántica :,"Eisberg, Robert",9789681804190,koha_consulta
Ciencia e ingeniería de los materiales.,"Askeland, Donald R.",9789706863614,koha_consulta
Ingeniería ambiental :,"Kiely, Gerard",9788448120399,koha_consulta
Fórmulas y tablas de matemática aplicada.,"Spiegel, Murray R.",9788448198404,koha_consulta
Química orgánica.,"Carey, Francis A.",9789701056103,koha_consulta
Física para la ciencia y la tecnología :,"Tipler, Paul A.",9788429144109,koha_consulta
Física para la ciencia y la tecnología :,"Tipler, Paul A.",9788429144062,koha_consulta
Mecánica de fluídos.,"White, Frank M.",9788448140762,koha_consulta
AutoCAD 2004/2005 avanzado.,"López Fernández, Javier",9788448140540,koha_consulta
Ecuaciones diferenciales con problemas de valores en la frontera.,"Zill, Dennis G.",9789706864888,koha_consulta
Cálculo :,"Thomas, George B., Jr.",9789702606444,koha_consulta
Cálculo aplicado :,"Hoffmann, Laurence D.",9789701059074,koha_consulta
Redes de computadores e internet.,"Halsall, Fred",9788478290833,koha_consulta
The biomedical engineering handbook. Medical devices and systems.,"Bronzino, Joseph D.",9780849321221,koha_consulta
The biomedical engineering handbook. Tissue engineering and artificial organs.,"Bronzino, Joseph D.",9780849321238,koha_consulta
The biomedical engineering handbook. Biomedical engineering fundamentals.,"Bronzino, Joseph D.",9780849321214,koha_consulta
Circuitos integrados CMOS :,"Bacco, Beatriz",9789509050273,koha_consulta
Matemáticas avanzadas para ingeniería /,"James, Glyn",9789702602095,koha_consulta
Algebra lineal y sus aplicaciones.,"Lay, David C.",9789702609063,koha_consulta
Algebra lineal : una introducción moderna.,"Poole, David",9789706865953,koha_consulta
"TADs, estructura de datos y resolución de problemas con C++ /","Nyhoff, Larry R.",9788420546391,koha_consulta
Programación orientada a objetos con C++ /,"Balagurusamy, E.",9788448156213,koha_consulta
Bioinformática :,"Lahoz-Beltrá, Rafael",9788479786458,koha_consulta
¿Qué es un transgénico? :,"López Guerrero, José Antonio",9788492509027,koha_consulta
Low-noise electronic system design.,"Motchenbacher, C.D.",9780471577423,koha_consulta
"Bioseguridad, bioingenieria y residuos de establecimientos de salud :","Favant, José Luis",9789506982072,koha_consulta
Cálculo :,"Thomas, George B., Jr.",9789702606437,koha_consulta
Robótica.,"Craig, John J.",9789702607724,koha_consulta
Conceptos de genética.,"Klug, William S.",9788420550145,koha_consulta
Osciloscopios.,"Amalfa, Salvador",9789505282425,koha_consulta
Resistencia de materiales.,"Pytel, Andrew",9789701510568,koha_consulta
Física: :,"Resnick, Robert",9789702403265,koha_consulta
Anatomía :,"Moore, Keith L.",9789687988894,koha_consulta
Un enfoque analítico del mantenimiento industrial.,"Dounce Villanueva, Enrique",9789702409144,koha_consulta
Instalaciones de aire acondicionado y calefacción.,"Quadri, Néstor Pedro",9789505530588,koha_consulta
Introducción a la nanotecnología.,"Poole, Charles P.",9788429179712,koha_consulta
Curtis Biología.,"Curtis, Helena",9789500603348,koha_consulta
Mecánica de fluídos. Problemas resueltos.,"López-Herrera Sánchez, José M.",9788448198893,koha_consulta
Biomateriales :,"Duffó, Gustavo S.",9789502314518,koha_consulta
PhysioEx® 6.0 para fisiología humana :,"Stabler, Timothy",9788478290789,koha_consulta
Circuitos eléctricos y electrónicos.,"Edminister, Joseph A.",9788448145439,koha_consulta
Física.,"Wilson, Jerry D.",9789702608516,koha_consulta
Algebra lineal.,"Grossman S., Stanley I.",9789701065174,koha_consulta
Cálculo :,"Smith, Robert T.",9788448138615,koha_consulta
Cálculo :,"Smith, Robert T.",9789701052136,koha_consulta
Química inorgánica básica.,"Cotton, F. Albert",9789681800529,koha_consulta
Labview :,"Lajara Vizcaíno, José Rafael",9788426714268,koha_consulta
Problemas de física :,"Burbano de Ercilla, Santiago",9789701511084,koha_consulta
Instalaciones eléctricas.,"Sobrevila, Marcelo Antonio",9789505531653,koha_consulta
Mediciones mecánicas :,"Figliola, Richard S.",9789701508527,koha_consulta
Ingeniería electromagnética :,"Trainotti, Valentino",9789871104109,koha_consulta
Genética molecular humana.,"Sudbery, Peter",9788420542522,koha_consulta
Robots y sistemas sensoriales.,"Torres, Fernando",9788420535746,koha_consulta
Amplificadores operacionales y circuitos integrados lineales :,"Fiore, James M.",9788497320993,koha_consulta
Fundamentos de lógica digital con diseño VHDL.,"Brown, Stephen",9789701056097,koha_consulta
Programación en C++ :,"Joyanes Aguilar, Luis",9788448146436,koha_consulta
Ciencia de los materiales.,"González-Viñas, Wenceslao",9788434480599,koha_consulta
Laboratorio de ergonomía.,"Chiner Dasí, Mercedes",9789701508879,koha_consulta
Matemáticas avanzadas para ingeniería.,"O'Neil, Peter V.",9789706867964,koha_consulta
Economía :,"Mochón Morcillo, Francisco",9789701067949,koha_consulta
The essential guide to user interface design :,"Galitz, Wilbert O.",9780470053423,koha_consulta
Fundamentos de sistemas de bases de datos.,"Elmasri, Ramez",9788478290857,koha_consulta
Sistemas digitales y electrónica digital :,"Garza Garza, Juan Ángel",9789702607199,koha_consulta
Dibujo industrial.,"Félez, Jesús",9788477383314,koha_consulta
La experiencia Starbucks :,"Michelli, Joseph A.",9789584501080,koha_consulta
Controladores lógicos.,"Álvarez Pulido, Manuel",9788426713476,koha_consulta
Bioquímica.,"Voet, Donald",9789500623018,koha_consulta
Histología de Di Fiore :,"Hib, José",9789872425517,koha_consulta
Peligros y riesgos en la investigaciones :,"Cecchetto, Sergio",9789871238538,koha_consulta
Transgénicos un destino tecnológico para América Latina.,"Pfeiffer, María Luisa",9789879494226,koha_consulta
Labview 7.1 :,"Lázaro, Antoni Mánuel",9788497323918,koha_consulta
Fisiología :,"Silbernagl, Stefan",9788479034443,koha_consulta
Circuitos eléctricos /,"Dorf, Richard C.",9789701510988,koha_consulta
Biofísica /,"Glaser, Roland",9788420010083,koha_consulta
Autómatas programables :,"Mandado Pérez, Enrique",9788497323284,koha_consulta
Redes de computadoras /,"Tanenbaum, Andrew S.",9789702601623,koha_consulta
Ingeniería y ciencias ambientales /,"Davis, Mackenzie L.",9789701049785,koha_consulta
Comunicaciones y redes de computadores /,"Stallings, William",9788420541105,koha_consulta
Introducción a la química de los polímeros /,"Seymour, Raimond B.",9788429179262,koha_consulta
Manual de radiología para técnicos :,"Bushong, Stewart C.",9788481748642,koha_consulta
Introducción al análisis de regresión lineal.,"Montgomery, Douglas C.",9789702403272,koha_consulta
Cálculo.,"Purcell, Edwin J.",9789702609193,koha_consulta
Economía para ingenieros :,"Delicia, Pablo Javier",9789870578147,koha_consulta
Constitución argentina :,"Zarini, Helio Juan",9789505084500,koha_consulta
Probabilidad y estadística para ingeniería y ciencias.,"Devore, Jay L.",9789706868312,koha_consulta
Como programar en C++ /,"Deitel, Harvey M.",9789702612735,koha_consulta
Ecuaciones diferenciales aplicadas.,"Spiegel, Murray R.",9789688800539,koha_consulta
Medios de representación para profesionales técnicos.,"Alvarez, Graciela",9789505530434,koha_consulta
Mecánica para ingeniería y aplicaciones. 1. Estática.,"McGill, David J.",9789687270692,koha_consulta
Tablas de equivalencias y correspondencia.,"Belber, María Carmen",9789500007023,koha_consulta
Código de comercio de la República Argentina 2010 :,"Gersovich, Carlos G.",9789502020211,koha_consulta
Bioética y derechos humanos :,"Hooft, Pedro F.",9789501419344,koha_consulta
Robótica :,"Ollero Baturone, Aníbal",9788426713131,koha_consulta
Gravitación.,"Landau, Susana",9789500007221,koha_consulta
Introducción a la representación molecular.,"Rosi, Pablo E.",9789500007528,koha_consulta
Selección por competencias.,"Alles, Martha",9789506414740,koha_consulta
"Y tú...,¿innovas o abdicas?.","Nieto Nieto, Justo",9788483635766,koha_consulta
Aplicaciones y modelado digital de la voz :,"Rufiner Di Persia, Hugo Leonardo",9789876570909,koha_consulta
Human physiology :,"Silverthorn, Dee Unglaub",9780321600615,koha_consulta
Evaluación de impacto ambiental :,"Echechuri, Héctor",9789508021410,koha_consulta
MatLab® :,"Gilat, Amos",9788429150353,koha_consulta
Tratado de audiología.,"Salesa Batlle, Enrique",9788445815540,koha_consulta
"Prótesis, ortésis y ayudas técnicas.","Zambudio Periago, Ramón",9788445819692,koha_consulta
Fundamentos de termodinámica técnica.,"Moran, Michael J.",9788429143133,koha_consulta
Electrónica :,"Boylestad, Robert L.",9786074422924,koha_consulta
Imagen radiológica :,"Cabrero Fraile, Francisco  Javier",9788445814505,koha_consulta
Biomecánica clínica de los tejidos y las articulaciones del aparato locomotor.,"Miralles Marrero, Rodrigo C.",9788445815182,koha_consulta
Química :,"Brown, Theodore L.",9786074420210,koha_consulta
Métodos numéricos con Matlab.,"Mathews, John H.",9788483221815,koha_consulta
Cálculo 2 :,"Larson, Ron",9789701071342,koha_consulta
Virtual bio-instrumentation :,"Olansen, Jon B.",9780130652164,koha_consulta
Tratamiento digital de señales.,"Proakis, John G.",9788483223475,koha_consulta
Control PID avanzado.,"Åström, Karl J.",9788483225110,koha_consulta
El conocimiento científico :,"Díaz, Esther",9789502308982,koha_consulta
Sistemas digitales :,"Tocci, Ronald J.",9789702609704,koha_consulta
Introducción a la ciencia de materiales para ingenieros.,"Shackelford, James F.",9788483226599,koha_consulta
Fundamentos de señales y sistemas usando la web y Matlab®.,"Kamen, Edward W.",9789702611875,koha_consulta
Mecánica de fluídos.,"White, Frank M.",9788448166038,koha_consulta
Redes neuronales y sistemas borrosos.,"Brío, Bonifacio Martín de",9789701512500,koha_consulta
Sistemas electrónicos digitales.,"Mandado Pérez, Enrique",9788426714305,koha_consulta
Sobotta Atlas de anatomía humana :,"Putz, R.",9788479036324,koha_consulta
Sobotta Atlas de anatomía humana :,"Putz, R.",9788479036331,koha_consulta
Ingeniería del software.,"Sommerville, Ian",9788478290741,koha_consulta
Berne y Levy Fisiología.,"Koeppen, Bruce M.",9788480864343,koha_consulta
Modeling biological systems :,"Haefner, James W.",9780387250113,koha_consulta
Principles of tissue engineering.,"Lanza, Robert",9780123706157,koha_consulta
Bioinformatics and drug discovery.,"Larson, Richard S.",9781592599646,koha_consulta
Introduction to biomedical instrumentation :,"Christe, Barbara L.",9780521515122,koha_consulta
Physiological control systems :,"Khoo, Michael C. K.",9780780334083,koha_consulta
Fisiología animal y evolución :,"Barja de Quiroga, Gustavo",9788446002222,koha_consulta
Sensores y acondicionadores de señal.,"Pallás Areny, Ramón",9789701512319,koha_consulta
Microcontroladores  MCS-51 y MCS-251.,"Matas Alcalá, José",9788483015735,koha_consulta
Saneamiento ambiental :,"Dallia, Sergio Miguel",9789875089822,koha_consulta
Control automático de procesos :,"Smith, Carlos A.",9789681837914,koha_consulta
Sistemas de control para ingeniería.,"Nise, Norman S.",9789702402541,koha_consulta
Discrete-time signal processing /,"Oppenheim, Alan V.",9780131988422,koha_consulta
Ecuaciones diferenciales.,"Boyce, William E.",9786070501616,koha_consulta
Internet y competencias básicas :,"Monereo, Carles",9788478273737,koha_consulta
Cálculo multivariable.,"Anton, Howard",9786070501197,koha_consulta
Biomaterials science and biocompatibility.,"Silver, Frederick H.",9780387987118,koha_consulta
Handbook of biomaterials evaluation :,"Recum, Andreas F. von",9781560324799,koha_consulta
Neural networks and artificial intelligence for biomedical engineering.,"Hudson, Donna L.",9780780334045,koha_consulta
Cálculo de varias variables :,"Stewart, James",9786074812381,koha_consulta
Eckert animal physiology :,"Randall, David",9780716738633,koha_consulta
Biomedical photonics handbook.,"Vo-Dinh, Tuan",9780849311161,koha_consulta
Signal processing first.,"McClellan, James H.",9780130909992,koha_consulta
Radiation therapy planning.,"Bentel, Gunilla C.",9780070051157,koha_consulta
Biomaterials the intersection of biology and materials science.,"Temenoff, J. S.",9780130097101,koha_consulta
Biodesign :,"Zenios, Stefanos",9780521517423,koha_consulta
Preparación y evaluación de proyectos.,"Sapag Chain, Nassir",9789562782067,koha_consulta
Aprendiendo de química orgánica.,"Fernández Cirelli, Alicia",9789502314105,koha_consulta
Diseño básico de automatismos eléctricos.,"Ubierto Artur, Pedro",9788428321631,koha_consulta
Biomedical device technology :,"Chan, Anthony Y. K.",9780398077006,koha_consulta
Nuclear medicine instrumentation.,"Prekeges, Jennifer",9780763766382,koha_consulta
Biomedical sensors.,"Jones, Deric P.",9781606500569,koha_consulta
Fundamentos de algoritmos y programación.,"Lage, Fernando J.",9789871104635,koha_consulta
Ingeniería del software :,"Pressman, Roger S.",9786071503145,koha_consulta
Aritmética en la era digital :,"Canavelli, Juan Carlos",9789873307171,koha_consulta
Cardiac pacemakers and defibrillators.,"Love, Charles J.",9781570596919,koha_consulta
Medical nanotechnology and nanomedicine.,"Tibbals, Harry F.",9781439808740,koha_consulta
Biomedical instrumentation :,"Khandpur, R.S.",9780071447843,koha_consulta
Problemas de física :,"Burbano de Ercilla, Santiago",9789701511091,koha_consulta
Tratamiento de señales en tiempo discreto.,"Oppenheim, Alan V.",9788420529875,koha_consulta
Neurociencia en esquemas.,"Barker, Roger A.",9789875701427,koha_consulta
Netter Atlas de neurociencia.,"Felten, David L.",9788445820322,koha_consulta
"Marcapasos, resincronizadores y cardiodesfibriladores implantables :","Chiale, Pablo A.",9789870552314,koha_consulta
Historia universal de la infamia científica :,"Alinovi, Matías",9789876290999,koha_consulta
Bioestadística médica.,"Dawson, Beth",9789707291348,koha_consulta
Six easy pieces :,"Feynman, Richard P.",9780465025275,koha_consulta
Ventilación mecánica :,"Chiappero, Guillermo R.",9789500609012,koha_consulta
Brock Biología de los microorganismos.,"Madigan, Michael T.",9788478290970,koha_consulta
Precálculo :,"Stewart, James",9789706866387,koha_consulta
C++ :,"Deitel, Paul J.",9780136117261,koha_consulta
Digital image processing.,"Gonzalez, Rafael C.",9780131687288,koha_consulta
The image processing handbook.,"Russ, John C.",9781439840450,koha_consulta
Gait analysis :,"Perry, Jacquelin",9781556427664,koha_consulta
Introducción a la física cuántica :,"French, A.P.",9788429141672,koha_consulta
Ventilación mecánica en anestesia y cuidados críticos.,"Belda, F. Javier",9788496881815,koha_consulta
Introducción a la matemática.,"Colombo, María Mercedes",9789506981648,koha_consulta
Cálculo diferencial e integral.,"Piskunov, Nikolai",9789681839857,koha_consulta
The science and engineering of materials.,"Askeland, Donald R.",9780495668022,koha_consulta
Physical medicine and rehabilitation.,"Braddom, Randall",9781437708844,koha_consulta
Tratado contra el método :,"Feyerabend, Paul",9788430946082,koha_consulta
Historia de la ciencia y sus reconstrucciones racionales.,"Lakatos, Imre",9788430951581,koha_consulta
A student's guide to Maxwell's equations.,"Fleisch, Daniel",9780521701471,koha_consulta
Risk management in health care institutions :,"Kavaler, Florence",9780763723149,koha_consulta
La escuela como práctica política.,"Brenner, Miguel Ángel",9789872743307,koha_consulta
La escuela como práctica política.,"Brenner, Miguel Ángel",9789872743314,koha_consulta
La estática en la vida cotidiana.,"Noceti, Haydeé",9789500007962,koha_consulta
Medicinal chemistry.,"Thomas, Gareth",9780470025987,koha_consulta
Why does E=mc2? :,"Cox, Brian",9780306818769,koha_consulta
Molecular genetics of bacteria.,"Dale, Jeremy W.",9780470741856,koha_consulta
Computer vision and applications :,"Jähne, Bernd",9780123797773,koha_consulta
Embedded robotics :,"Bräunl, Thomas",9783540705338,koha_consulta
Image processing in radiology.,"Neri, E.",9783642065286,koha_consulta
Drug testing :,"Coombs, Robert H.",9780195054149,koha_consulta
Servucción :,"Eiglier, Pierre",9788476153277,koha_consulta
Economía de la salud :,"Gimeno, Juan A.",9788479787332,koha_consulta
Educational administration :,"Lunenburg, Fred C.",9780534608828,koha_consulta
Electromedicina :,"Daneri, Pablo A.",9789505282791,koha_consulta
Bioestadística.,"Blair, R. Clifford",9789702611967,koha_consulta
Biología molecular del gen.,"Watson, James D.",9788479035051,koha_consulta
Implantes cocleares.,"Manrique Rodríguez, Manuel J.",9788445811498,koha_consulta
El proceso unificado de desarrollo de software.,"Jacobson, Ivar",9788478290369,koha_consulta
Contaminación y medio ambiente.,"Cicerone, Daniel S.",9789502314891,koha_consulta
Reliable design of medical devices.,"Fries, Richard C.",9781439894910,koha_consulta
Noninvasive instrumentation and measurement in medical diagnosis.,"Northrop, Robert B.",9780849309618,koha_consulta
Analysis and application of analog electronic circuits to biomedical instrumentation.,"Northrop, Robert B.",9781439866696,koha_consulta
Implante de prótesis y biomateriales en urología.,"Puscinski, Alberto José",9789872731991,koha_consulta
Introducción al modelado numérico de flujos reactivos.,"Brizuela, Eduardo A.",9789503407554,koha_consulta
Cálculo de varias variables :,"Stewart, James",9789706866523,koha_consulta
Biología :,"Starr, Cecie",9789708300667,koha_consulta
Fundamentos de física.,"Serway, Raymond A.",9786074811308,koha_consulta
Química general.,"Ebbing, Darrell D.",9786074813067,koha_consulta
Control de calidad en imágenes médicas de tomografía computada e incidencia de algunos aspectos económicos del proceso.,"Delicia, Pablo Javier",9789872892906,koha_consulta
Smart polymers :,"Galaev, Igor",9780849391613,koha_consulta
Biomaterials :,"Ramakrishna, Seeram",9781420047813,koha_consulta
Biomedical signal analysis :,"Rangayyan, Rangaraj M.",9780471208112,koha_consulta
Fundamentos de bases de datos.,"Silberschatz, Abraham",9788448146443,koha_consulta
New approaches in classification and data analysis.,"Diday, E.",9783540584254,koha_consulta
Mecánica de los fluidos :,"Di Paolo, José",9789872923501,koha_consulta
Currículo do povo que educa :,"Pini, Francisca Rodrigues de Oliveira",9788561910860,koha_consulta
Currículo do povo que educa :,"Pini, Francisca Rodrigues de Oliveira",9788561910884,koha_consulta
Curso industrial de mantenimiento preventivo.,"Calloni, Juan Carlos",9789505530144,koha_consulta
The nonlinear workbook.,"Steeb, Willi-Hans",9789812818539,koha_consulta
Vector quantization.,"Abut, Hüseyin",9780879422653,koha_consulta
Cochlear implants :,"Clark, Graeme",9780387955834,koha_consulta
Clinical radiotherapy physics.,"Jayaraman, Subramania",9783540402848,koha_consulta
Fotoelasticimetría.,"Solaguren-Beascoa Fernández, Manuel",9788492681419,koha_consulta
Herramientas de evaluación en el aula.,"Tenutto, Marta Alicia",9789505502806,koha_consulta
"Planificar, enseñar, aprender y evaluar por competencias :","Tenutto, Marta Alicia",9789870578970,koha_consulta
Estilos tecnológicos :,"Varsavsky, Oscar",9789871741489,koha_consulta
Genética :,"Passarge, Eberhard",9788498351927,koha_consulta
Reingeniería farmaceútica :,"Peretta, Marcelo Daniel",9789500617062,koha_consulta
Introducción a la biología celular.,"Alberts, Bruce",9786077743187,koha_consulta
Laboratorio de química general.,"Llano Lomas, Mercedes",9788429173949,koha_consulta
MediPharm® Tratado de medicina farmacéutica.,"Hernández Herrero, Gonzalo",9788498350104,koha_consulta
Fundamentos de bioquímica :,"Voet, Donald",9789500623148,koha_consulta
Bailey [&] Scott Diagnóstico microbiológico.,"Forbes, Betty A.",9789500682435,koha_consulta
Koneman Diagnóstico microbiológico :,"Winn, Washington C.",9786077743804,koha_consulta
Patología.,"Mohan, Harsh",9789500602860,koha_consulta
El mundo de la célula.,"Becker, Wayne M.",9788420550138,koha_consulta
New materials and technologies for healthcare.,"Hench, Larry L.",9781848165588,koha_consulta
"The measurement, instrumentation, and sensors handbook.","Webster, John G.",9780849383472,koha_consulta
En_línea :,"Cassany, Daniel",9788433963437,koha_consulta
Instalaciones en edificios.,"Quadri, Néstor Pedro",9789505531707,koha_consulta
Instalaciones de gas.,"Quadri, Néstor Pedro",9789505530564,koha_consulta
Physics in nuclear medicine.,"Cherry, Simon R.",9781416051985,koha_consulta
Cálculo en biología molecular y biotecnología :,"Stephenson, Frank H.",9788480869096,koha_consulta
Matemática...¿estás ahí? :,"Paenza, Adrián",9789876291224,koha_consulta
Introduction to biomedical engineering.,"Enderle, John T.",9780123749796,koha_consulta
Los recursos hídricos en la región del Mercosur :,"Fernández Cirelli, Alicia",9788578050412,koha_consulta
Variable compleja y aplicaciones.,"Churchill, Ruel V.",9788448142124,koha_consulta
Quimiometría.,"Mongay Fernández, Carlos",9788437059235,koha_consulta
¿Qué es esa cosa llamada ciencia?.,"Chalmers, Alan F.",9788432314308,koha_consulta
Biología.,"Villee, Claude A.",9789682512254,koha_consulta
Química orgánica :,"Galagovsky, Lydia R.",9789502309842,koha_consulta
Proyectos ambientales y sustentabilidad.,"Durán, Diana",9789508923981,koha_consulta
Rang y Dale Farmacología.,"Rang, H.P.",9788480869089,koha_consulta
Química orgánica :,"Wade, L. G.",9786073207904,koha_consulta
Química orgánica :,"Wade, L. G.",9786073207935,koha_consulta
Amplificadores operacionales y circuitos integrados lineales.,"Coughlin, Robert F.",9789701702673,koha_consulta
Nomenclatura de las sustancias químicas.,"Peterson, W.R.",9788429176049,koha_consulta
Burger's medicinal chemistry and drug discovery :,"Abraham, Donald J.",9780471370284,koha_consulta
Farmacología :,"Lüllmann, Heinz",9788498352177,koha_consulta
Secretos de la industria farmacéutica.,"Hubbard, Bryan",9788496194847,koha_consulta
OpenGL® programming guide :,"Shreiner, Dave",9780321773036,koha_consulta
Digital image processing for medical applications.,"Dougherty, Geoff",9780521860857,koha_consulta
Fibra óptica hasta el hogar :,"Schmidberg, Eduardo",9789871716852,koha_consulta
"¿Cuándo, qué y cómo estudio? :","Tresca, María A.",9789875380981,koha_consulta
Física para la ciencia y la tecnología :,"Tipler, Paul A.",9788429144215,koha_consulta
Proyectos ambientales en la industria.,"Baca Urbina, Gabriel",9789702410355,koha_consulta
Electrónica digital :,"Acha Alegre, Santiago",9786077854746,koha_consulta
Handbook of electromagnetic materials :,"Neelakanta, Perambus S.",9780849325007,koha_consulta
Schaum's outline of theory and problems of finite element analysis.,"Buchanan, George R.",9780070087149,koha_consulta
Schaum's outline of theory and problems of differential equations.,"Bronson, Richard",9780070080195,koha_consulta
Escribir una tesis :,"Cubo de Severino, Liliana",9789876022033,koha_consulta
Feature extraction and image processing for computer vision.,"Nixon, Mark S.",9780123965493,koha_consulta
Mecánica de materiales.,"Hibbeler, R.C.",9786073205597,koha_consulta
Neuroanatomía.,"Puelles López, L.",9788479034535,koha_consulta
Ingeniería termodinámica.,"Rajput, R.K.",9781934015148,koha_consulta
Historia de los genes :,"Gallardo, Susana",9789876143127,koha_consulta
Historia de la salud :,"Rodríguez, Marcelo",9789876142854,koha_consulta
Fundamentos de farmacología básica y clínica.,"Ruiz-Gayo, Mariano",9788498355987,koha_consulta
Física para la ciencia y la tecnología :,"Tipler, Paul A.",9788429144307,koha_consulta
Guía de proyectos de inversión :,"Sosa Pulido, Demetrio",9786070502408,koha_consulta
Preparados farmacéuticos y parafarmacéuticos :,"Barbé Rocabert, Coloma",9788445811269,koha_consulta
Transferencia de calor y masa :,"Çengel, Yunus A.",9786071505408,koha_consulta
Biofarmacia y farmacocinética :,"Aguilar Ros, Antonio",9788490222607,koha_consulta
Técnicas numéricas en ingeniería de fluidos :,"Fernández Oro, Jesús Manuel",9788429126020,koha_consulta
Capillary electrophoresis method for pharmaceutical analysis.,"Ahuja, Satinder",9780123725738,koha_consulta
Clinical engineering :,"Taktak, Azzam",9780123969613,koha_consulta
Pharmaceutical analysis :,"Watson, David G.",9780702046216,koha_consulta
Foye's Principles of medicinal chemistry.,"Lemke, Thomas L",9781609133450,koha_consulta
Manual de tecnología farmacéutica.,"Lozano, María del Carmen",9788480866002,koha_consulta
Tissue engineering :,"Saltzman, W. Mark",9780195141306,koha_consulta
Hugo and Russell's Phamaceutical microbiology.,"Denyer, Stephen P.",9781444330632,koha_consulta
Introduction to the pharmaceutical sciences :,"Pandit, Nita K.",9781609130015,koha_consulta
HPLC Methods for pharmaceutical analysis :,"Lunn, George",9780471331919,koha_consulta
NMR Spectroscopy in pharmaceutical analysis.,"Holzgrabe, Ulrike",9780444531735,koha_consulta
Anatomía y fisiología.,"Marieb, Elaine N.",9788478290949,koha_consulta
Numerical methods in biomedical engineering.,"Dunn, Stanley M.",9780121860318,koha_consulta
From genes to genomes :,"Dale, Jeremy W.",9780470683866,koha_consulta
Lo esencial en farmacología :,"Battista, Elisabetta",9788490223185,koha_consulta
Good manufacturing practices for pharmaceuticals.,"Nally, Joseph D.",9780849339721,koha_consulta
Current good manufacturing practices :,"Allport-Settle, Mindy J.",9781449505233,koha_consulta
Las nuevas realidades :,"Drucker, Peter F.",9789500705707,koha_consulta
Fundamentos de catálisis heterogénea.,"Castro, Alberto A.",9789876579193,koha_consulta
Química para ingeniería ambiental.,"Sawyer, Clair N.",9789584101648,koha_consulta
Matemáticas discretas.,"Espinosa Armenta, Ramón",9786077854579,koha_consulta
Mecánica de los fluidos :,"Brun, A.E.",9788433564184,koha_consulta
Mecánica de los fluidos :,"Brun, A.E.",9788433564191,koha_consulta
Álgebra lineal y geometría analítica.,"Colombo, María Mercedes",9789506983468,koha_consulta
An introduction to  pharmaceutical sciences :,"Roy, Jiben",9781907568527,koha_consulta
"Sterility, sterilisation and sterility assurance for pharmaceuticals :","Sandle, Tim",9781907568381,koha_consulta
MEMS for biomedical applications.,"Bhansali, Shekhar",9780857091291,koha_consulta
Mastering Redmine :,"Lesyuk, Andriy",9781849519144,koha_consulta
Microfluidic technology and applications.,"Koch, Michael",9780863802447,koha_consulta
Teoría moderna de circuitos eléctricos.,"Iñigo Madrigal, Rafael",9788436800708,koha_consulta
"Prescott, Harley y Klein Microbiología.","Willey, Joanne M.",9788448168278,koha_consulta
The electrical engineering handbook.,"Dorf, Richard C.",9780849385742,koha_consulta
Manejo clínico de los gases sanguíneos.,"Shapiro, Barry A.",9789500619875,koha_consulta
Medicina y salud pública.,"Mazzáfero, Vicente Enrique",9789502310329,koha_consulta
La política sanitaria del peronismo.,"Ramacciotti, Karina",9789507867682,koha_consulta
Anatomía clínica /,"Pró, Eduardo Adrián",9789500606035,koha_consulta
Principios de anatomía y fisiología.,"Tortora, Gerard J.",9786077743781,koha_consulta
Prometheus :,"Schünke, Michael",9788498357639,koha_consulta
Atlas de histología normal.,"Di Fiore, Mariano",9789500208451,koha_consulta
Farmacología para fisioterapeutas.,"Betés de Toro, Mariano",9788498351743,koha_consulta
Biomechanics and motor control of human movement.,"Winter, David A.",9780470398180,koha_consulta
"Cardiac pacing, defibrillation and resynchronization.","Hayes, David L.",9780470658338,koha_consulta
Biomedical photonics handbook :,"Vo-Dinh, Tuan",9781420085129,koha_consulta
Biomedical photonics handbook :,"Vo-Dinh, Tuan",9781420085143,koha_consulta
Biomedical photonics handbook :,"Vo-Dinh, Tuan",9781420085167,koha_consulta
Measuring walking :,"Baker, Richard",9781908316660,koha_consulta
Tutorial on neural systems modeling.,"Anastasio, Thomas J.",9780878933396,koha_consulta
"Study guide and full solutions manual [for] Fundamentals of general, organic and biological chemistry. 7th. ed.","McMurry, Susan E.",9780321776167,koha_consulta
Instrumentos y mediciones eléctricas /,"Sobrevila, Marcelo Antonio",9789505532377,koha_consulta
Anatomía y fisiología.,"Thibodeau, Gary A.",9788490221082,koha_consulta
Lewin's Genes 11.,"Krebs, Jocelyn E.",9781449659851,koha_consulta
Evaluación en salud :,"Hartz, Zulmira María de Araújo",9789508923202,koha_consulta
La intimidad de las moléculas de la vida :,"Vázquez, Martín",9789502314600,koha_consulta
Pedagogía del oprimido.,"Freire, Paulo",9789876290067,koha_consulta
Principio de precaución para una era tecnológica.,"Godina Herrera, Célida",9789688637913,koha_consulta
Human anatomy and physiology.,"Van De Graaff, Kent M.",9780071810791,koha_consulta
Probabilidad y estadística para ingeniería y ciencias.,"Walpole, Ronald E.",9786073214179,koha_consulta
Ecuaciones diferenciales :,"Zill, Dennis G.",9786075194431,koha_consulta
Física de los procesos biológicos.,"Cussó, Fernando",9788434480629,koha_consulta
Ramón Carrillo :,"Alzugaray, Rodolfo A.",9789505638314,koha_consulta
Instalaciones eléctricas.,"Sobrevila, Marcelo Antonio",9789505532629,koha_consulta
Differential equations and linear algebra.,"Strang, Gilbert",9780980232790,koha_consulta
Microeconomía :,"Samuelson, Paul A.",9786071503350,koha_consulta
Ordinary differential equations :,"Noonburg, V. W.",9781939512048,koha_consulta
Capillarity and wetting phenomena.,"Gennes, Pierre-Gilles de",9780387005928,koha_consulta
Biomaterials :,"Chen, Qizhi",9781482227697,koha_consulta
Whittle's Gait analysis.,"Levine, David",9780702042652,koha_consulta
The biomedical engineering handbook :,"Bronzino, Joseph D.",9781439825181,koha_consulta
The biomedical engineering handbook :,"Bronzino, Joseph D.",9781439825259,koha_consulta
The biomedical engineering handbook :,"Bronzino, Joseph D.",9781439825273,koha_consulta
The biomedical engineering handbook :,"Bronzino, Joseph D.",9781439825303,koha_consulta
Mosby's Respiratory care equipment.,"Cairo, J.M.",9780323096218,koha_consulta
Manual de ventilación mecánica.,"Redondo Castán, Luis Carlos",9788485539932,koha_consulta
Replacement of renal function by dialysis :,"Jacobs, C.",9789401741781,koha_consulta
Modelling differential equations in biology.,"Taubes, Clifford Henry",9780521708432,koha_consulta
Biocalculus :,"Stewart, James",9781133109631,koha_consulta
Advances in oral tissue engineering.,"Murata, Masaru",9780867156485,koha_consulta
Oral implants :,"Ewers, Rolf",9781850972334,koha_consulta
El ABC del corazón.,"Cichero, Fernando",9789872642600,koha_consulta
Genética.,"Griffiths, Anthony J.F.",9788448160913,koha_consulta
Nociones de salud pública.,"Martínez Hernández, Juan",9789502310329,koha_consulta
"Derechos, políticas sociales y problemáticas contemporáneas :","Cazzaniga, Susana",9789506983352,koha_consulta
Economía para ingenieros.,"Cepeda González, Isabel",9788497323017,koha_consulta
Fisiología del ejercicio :,"Katch, Víctor L.",9788498354805,koha_consulta
Psicología del desarrollo :,"Berger, Kathleen Stassen",9788498357806,koha_consulta
Velázquez Manual de farmacología básica y clínica.,"Lorenzo Fernández, Pedro",9788498354379,koha_consulta
Introducción al análisis de circuitos.,"Boylestad, Robert L.",9786073205849,koha_consulta
Fisiología del deporte y el ejercicio /,"Kenney, W. Larry",9780736087728,koha_consulta
"Manufactura, ingeniería y tecnología :","Kalpakjian, Serope",9786073227421,koha_consulta
Diseño de elementos de máquinas.,"Mott, Robert L.",9789702608127,koha_consulta
Handbook of modern sensors :,"Fraden, Jacob",9783319193021,koha_consulta
Sensors :,"Kalantar-zadeh, Kourosh",9781461450511,koha_consulta
Next generation sensors and systems.,"Mukhopadhyay, Subhas Chandra",9783319216706,koha_consulta
Ansel's Pharmaceutical dosage forms and drug delivery systems.,"Allen, Loyd V.",9781451188769,koha_consulta
Mecánica de fluidos.,"Potter, Merle C.",9780495667735,koha_consulta
Mecánica de fluidos en ingeniería.,"Heras, Salvador de las",9788476539354,koha_consulta
Principles of hearing and audiology.,"Maltby, Maryanne Tate",9781861562579,koha_consulta
Equipment theory for respiratory care.,"White, Gary C.",9781439059593,koha_consulta
Fourier and Laplace transforms.,"Beerends, R.J.",9780521534413,koha_consulta
Generic drug product development :,"Shargel, Leon",9780781774246,koha_consulta
Lean management :,"Cuatrecasas, Lluís",9788496998155,koha_consulta
Mecatrónica :,"Bolton, William",9786077076032,koha_consulta
La pluma y la lente :,"Román, Mario Sebastián",9789506983697,koha_consulta
Maternidades adolescentes en contextos de pobreza :,"Genolet, Alicia",9789506983673,koha_consulta
Proceedings :,"El-Genk, Mohamed S.",9780894640049,koha_consulta
Formación en salud mental :,"De Riso, Silvia",9789506983833,koha_consulta
Prácticas políticas de gobierno escolar.,"Andretich, Gabriela",9789506983840,koha_consulta
Administración en contexto.,"Doval, Inés María",9789506983826,koha_consulta
Economía :,"Mochón Morcillo, Francisco",9789701066041,koha_consulta
Química orgánica.,"McMurry, John",9786074817898,koha_consulta
Big data :,"Joyanes Aguilar, Luis",9786077076896,koha_consulta
Surgical design for dental reconstruction with implants :,"Chin, Martin",9780867156843,koha_consulta
Trayectorias de estudiantes universitarios :,"Mastache, Anahí",9789875384071,koha_consulta
Variable compleja con aplicaciones.,"Wunsch, A. David",9789684444027,koha_consulta
Ecuaciones diferenciales con aplicaciones de modelado.,"Zill, Dennis G.",9789706861214,koha_consulta
Neurociencia cognitiva.,"Redolar Ripoll, Diego",9788498354089,koha_consulta
Cálculo :,"Rogawski, Jon",9788429151749,koha_consulta
Estructuras de datos y algoritmos.,"Aho, Alfred V.",9780201640243,koha_consulta
Neurociencia de las capacidades y los procesos cognitivos.,"Marino, Julián",9789874078148,koha_consulta
Introducción al análisis de Fourier y las ondoletas.,"Pinsky, Mark A.",9789706861924,koha_consulta
Problemas resueltos de ecuaciones diferenciales.,"López Rodríguez, Manuel",9788497324571,koha_consulta
Ingeniería mecánica :,"Hibbeler, R.C.",9789688806012,koha_consulta
Curso de nivelación de Matemática.,"Tarzia, Domingo Alberto",9789562780919,koha_consulta
"Escribir, leer y aprender en la universidad :","Carlino, Paula",9789505576531,koha_consulta
Matemática discreta y algoritmos.,"Pérez, Julio Marcelo",9789879529348,koha_consulta
Control estadístico de la calidad.,"Carot Alonso, Vicente",9789701506622,koha_consulta
Cálculo esencial.,"Larson, Ron",9786074812695,koha_consulta
Ecuaciones diferenciales :,"Ledder, Glenn",9789701056264,koha_consulta
Señales y sistemas :,"Roberts, Michael J.",9789701050675,koha_consulta
Cálculo de varias variables.,"Zill, Dennis G.",9786071505002,koha_consulta
Cálculo :,"Anton, Howard",9786070500794,koha_consulta
Rapid prototyping of biomaterials :,"Narayan, Roger",9780857095992,koha_consulta
Fundamentos de química orgánica.,"Yurkanis Bruice, Paula",9788483229798,koha_consulta
Programación en C++ :,"Joyanes Aguilar, Luis",9788448146450,koha_consulta
Handbook of human factors in medical device design.,"Weinger, Matthew B.",9780805856279,koha_consulta
Física para las ciencias de la vida.,"Jou Mirabent, David",9788448168032,koha_consulta
Ingeniería mecánica :,"Hibbeler, R.C.",9786073237079,koha_consulta
Química biológica.,"Blanco, Antonio",9789500209045,koha_consulta
"Manufactura, ingeniería y tecnología.","Kalpakjian, Serope",9789702610267,koha_consulta
Introducción a los sistemas de control :,"Hernández Gaviño, Ricardo",9786074428421,koha_consulta
Diseño de mecanismos :,"Erdman, Arthur G.",9789701842461,koha_consulta
Mecánica para ingenieros :,"Meriam, J.L.",9788429144086,koha_consulta
Mecánica de materiales.,"Gere, James M.",9786075222813,koha_consulta
Historia de las ideas científicas :,"Moledo, Leonardo",9789504940319,koha_consulta
Auditoría en salud :,"Malagón-Londoño, Gustavo",9789588443386,koha_consulta
Gerencia y administración estratégica de la atención médica.,"Fajardo Ortiz, Guillermo",9786070263545,koha_consulta
Introducción a la biología humana para ingeniería biomédica.,"Cabrera Fischer, Edmundo",9789879599327,koha_consulta
Gerencia hospitalaria :,"Malagón-Londoño, Gustavo",9789588443683,koha_consulta
Problemas resueltos de teoría de sistemas.,"Sanchis Llopis, Roberto",9788480216098,koha_consulta
Control automático de procesos industriales :,"Roca, Alfredo",9788499697802,koha_consulta
Ecuaciones diferenciales con aplicaciones de modelado.,"Zill, Dennis G.",9789708300551,koha_consulta
Invitación a la neurociencia.,"Purves, Dale",9789500617802,koha_consulta
Sistemas de control continuos y discretos /,"Valdivia Miranda, Carlos",9788428307444,koha_consulta
